accuracy_drop,baseline_acc,baseline_f1_macro,dataset,defended_acc,defended_f1_macro,input_shape,mae,method,mode,model_type,mse,num_classes,pearson_r,relative_accuracy_drop_percent,seed,source_files,test_size,train_size,val_size
0.34492590832505293,0.4722426232341124,0.28874197100983,casas_hh101,0.1273167149090595,0.10525743916749095,"(30, 6)",0.22899448317162785,adaptive_ldp,fixed_attacker,lstm,0.205873753274023,34,0.5944848043435044,73.03997804409478,42,D:\毕业设计毕业设计毕业设计毕业设计\Projects\iot_privacy_attack\outputs\defense\real_public_benchmark\casas_hh101\seed_42\adaptive_ldp\json_reports\lstm_baseline_confusion_test.json;D:\毕业设计毕业设计毕业设计毕业设计\Projects\iot_privacy_attack\outputs\defense\real_public_benchmark\casas_hh101\seed_42\adaptive_ldp\json_reports\lstm_defended_confusion_test_fixed_attacker.json;D:\毕业设计毕业设计毕业设计毕业设计\Projects\iot_privacy_attack\outputs\defense\real_public_benchmark\casas_hh101\seed_42\adaptive_ldp\defense_report.json;D:\毕业设计毕业设计毕业设计毕业设计\Projects\iot_privacy_attack\data\processed\real_public_benchmark\casas_hh101\seed_42\meta.json,23147,108019,23147
0.03438890568972225,0.4722426232341124,0.28874197100983,casas_hh101,0.4378537175443902,0.18191051717363674,"(30, 6)",0.22899448317162785,adaptive_ldp,retrain_attacker,lstm,0.205873753274023,34,0.5944848043435044,7.28204189918581,42,D:\毕业设计毕业设计毕业设计毕业设计\Projects\iot_privacy_attack\outputs\defense\real_public_benchmark\casas_hh101\seed_42\adaptive_ldp\json_reports\lstm_baseline_confusion_test.json;D:\毕业设计毕业设计毕业设计毕业设计\Projects\iot_privacy_attack\outputs\defense\real_public_benchmark\casas_hh101\seed_42\adaptive_ldp\json_reports\lstm_defended_confusion_test_retrained_attacker.json;D:\毕业设计毕业设计毕业设计毕业设计\Projects\iot_privacy_attack\outputs\defense\real_public_benchmark\casas_hh101\seed_42\adaptive_ldp\defense_report.json;D:\毕业设计毕业设计毕业设计毕业设计\Projects\iot_privacy_attack\data\processed\real_public_benchmark\casas_hh101\seed_42\meta.json,23147,108019,23147
0.4374648982589536,0.4722426232341124,0.28874197100983,casas_hh101,0.03477772497515877,0.0344558543770684,"(30, 6)",0.5527017422179649,ldp,fixed_attacker,lstm,1.0440614061133688,34,0.26936214619140664,92.63562345622542,42,D:\毕业设计毕业设计毕业设计毕业设计\Projects\iot_privacy_attack\outputs\defense\real_public_benchmark\casas_hh101\seed_42\ldp\json_reports\lstm_baseline_confusion_test.json;D:\毕业设计毕业设计毕业设计毕业设计\Projects\iot_privacy_attack\outputs\defense\real_public_benchmark\casas_hh101\seed_42\ldp\json_reports\lstm_defended_confusion_test_fixed_attacker.json;D:\毕业设计毕业设计毕业设计毕业设计\Projects\iot_privacy_attack\outputs\defense\real_public_benchmark\casas_hh101\seed_42\ldp\defense_report.json;D:\毕业设计毕业设计毕业设计毕业设计\Projects\iot_privacy_attack\data\processed\real_public_benchmark\casas_hh101\seed_42\meta.json,23147,108019,23147
0.09755043850174971,0.4722426232341124,0.28874197100983,casas_hh101,0.3746921847323627,0.1506007641008737,"(30, 6)",0.5527017422179649,ldp,retrain_attacker,lstm,1.0440614061133688,34,0.26936214619140664,20.656847497941637,42,D:\毕业设计毕业设计毕业设计毕业设计\Projects\iot_privacy_attack\outputs\defense\real_public_benchmark\casas_hh101\seed_42\ldp\json_reports\lstm_baseline_confusion_test.json;D:\毕业设计毕业设计毕业设计毕业设计\Projects\iot_privacy_attack\outputs\defense\real_public_benchmark\casas_hh101\seed_42\ldp\json_reports\lstm_defended_confusion_test_retrained_attacker.json;D:\毕业设计毕业设计毕业设计毕业设计\Projects\iot_privacy_attack\outputs\defense\real_public_benchmark\casas_hh101\seed_42\ldp\defense_report.json;D:\毕业设计毕业设计毕业设计毕业设计\Projects\iot_privacy_attack\data\processed\real_public_benchmark\casas_hh101\seed_42\meta.json,23147,108019,23147
0.3925778718624444,0.4722426232341124,0.28874197100983,casas_hh101,0.07966475137166804,0.08467536874788267,"(30, 6)",0.49992374920945465,noise,fixed_attacker,lstm,0.49983247182618573,34,0.4661712297498146,83.13054615314245,42,D:\毕业设计毕业设计毕业设计毕业设计\Projects\iot_privacy_attack\outputs\defense\real_public_benchmark\casas_hh101\seed_42\noise\json_reports\lstm_baseline_confusion_test.json;D:\毕业设计毕业设计毕业设计毕业设计\Projects\iot_privacy_attack\outputs\defense\real_public_benchmark\casas_hh101\seed_42\noise\json_reports\lstm_defended_confusion_test_fixed_attacker.json;D:\毕业设计毕业设计毕业设计毕业设计\Projects\iot_privacy_attack\outputs\defense\real_public_benchmark\casas_hh101\seed_42\noise\defense_report.json;D:\毕业设计毕业设计毕业设计毕业设计\Projects\iot_privacy_attack\data\processed\real_public_benchmark\casas_hh101\seed_42\meta.json,23147,108019,23147
0.07301162137642031,0.4722426232341124,0.28874197100983,casas_hh101,0.3992310018576921,0.19154527311294672,"(30, 6)",0.49992374920945465,noise,retrain_attacker,lstm,0.49983247182618573,34,0.4661712297498146,15.460616595005039,42,D:\毕业设计毕业设计毕业设计毕业设计\Projects\iot_privacy_attack\outputs\defense\real_public_benchmark\casas_hh101\seed_42\noise\json_reports\lstm_baseline_confusion_test.json;D:\毕业设计毕业设计毕业设计毕业设计\Projects\iot_privacy_attack\outputs\defense\real_public_benchmark\casas_hh101\seed_42\noise\json_reports\lstm_defended_confusion_test_retrained_attacker.json;D:\毕业设计毕业设计毕业设计毕业设计\Projects\iot_privacy_attack\outputs\defense\real_public_benchmark\casas_hh101\seed_42\noise\defense_report.json;D:\毕业设计毕业设计毕业设计毕业设计\Projects\iot_privacy_attack\data\processed\real_public_benchmark\casas_hh101\seed_42\meta.json,23147,108019,23147
0.3704151725925606,0.43469996111807147,0.20435528226837654,casas_hh101,0.06428478852551087,0.009417464267025017,"(40,)",0.22899448317162785,adaptive_ldp,fixed_attacker,mlp,0.205873753274023,34,0.5944848043435044,85.21168753726894,42,D:\毕业设计毕业设计毕业设计毕业设计\Projects\iot_privacy_attack\outputs\defense\real_public_benchmark\casas_hh101\seed_42\adaptive_ldp\json_reports\mlp_baseline_confusion_test.json;D:\毕业设计毕业设计毕业设计毕业设计\Projects\iot_privacy_attack\outputs\defense\real_public_benchmark\casas_hh101\seed_42\adaptive_ldp\json_reports\mlp_defended_confusion_test_fixed_attacker.json;D:\毕业设计毕业设计毕业设计毕业设计\Projects\iot_privacy_attack\outputs\defense\real_public_benchmark\casas_hh101\seed_42\adaptive_ldp\defense_report.json;D:\毕业设计毕业设计毕业设计毕业设计\Projects\iot_privacy_attack\data\processed\real_public_benchmark\casas_hh101\seed_42\meta.json,23147,108019,23147
0.050373698535447375,0.43469996111807147,0.20435528226837654,casas_hh101,0.3843262625826241,0.1181455742004966,"(40,)",0.22899448317162785,adaptive_ldp,retrain_attacker,mlp,0.205873753274023,34,0.5944848043435044,11.588153448618568,42,D:\毕业设计毕业设计毕业设计毕业设计\Projects\iot_privacy_attack\outputs\defense\real_public_benchmark\casas_hh101\seed_42\adaptive_ldp\json_reports\mlp_baseline_confusion_test.json;D:\毕业设计毕业设计毕业设计毕业设计\Projects\iot_privacy_attack\outputs\defense\real_public_benchmark\casas_hh101\seed_42\adaptive_ldp\json_reports\mlp_defended_confusion_test_retrained_attacker.json;D:\毕业设计毕业设计毕业设计毕业设计\Projects\iot_privacy_attack\outputs\defense\real_public_benchmark\casas_hh101\seed_42\adaptive_ldp\defense_report.json;D:\毕业设计毕业设计毕业设计毕业设计\Projects\iot_privacy_attack\data\processed\real_public_benchmark\casas_hh101\seed_42\meta.json,23147,108019,23147
0.3729640990193114,0.43469996111807147,0.20435528226837654,casas_hh101,0.0617358620987601,0.005230770046660021,"(40,)",0.5527017422179649,ldp,fixed_attacker,mlp,1.0440614061133688,34,0.26936214619140664,85.79805207712184,42,D:\毕业设计毕业设计毕业设计毕业设计\Projects\iot_privacy_attack\outputs\defense\real_public_benchmark\casas_hh101\seed_42\ldp\json_reports\mlp_baseline_confusion_test.json;D:\毕业设计毕业设计毕业设计毕业设计\Projects\iot_privacy_attack\outputs\defense\real_public_benchmark\casas_hh101\seed_42\ldp\json_reports\mlp_defended_confusion_test_fixed_attacker.json;D:\毕业设计毕业设计毕业设计毕业设计\Projects\iot_privacy_attack\outputs\defense\real_public_benchmark\casas_hh101\seed_42\ldp\defense_report.json;D:\毕业设计毕业设计毕业设计毕业设计\Projects\iot_privacy_attack\data\processed\real_public_benchmark\casas_hh101\seed_42\meta.json,23147,108019,23147
0.09517432064630404,0.43469996111807147,0.20435528226837654,casas_hh101,0.3395256404717674,0.0893809269610826,"(40,)",0.5527017422179649,ldp,retrain_attacker,mlp,1.0440614061133688,34,0.26936214619140664,21.894255615185845,42,D:\毕业设计毕业设计毕业设计毕业设计\Projects\iot_privacy_attack\outputs\defense\real_public_benchmark\casas_hh101\seed_42\ldp\json_reports\mlp_baseline_confusion_test.json;D:\毕业设计毕业设计毕业设计毕业设计\Projects\iot_privacy_attack\outputs\defense\real_public_benchmark\casas_hh101\seed_42\ldp\json_reports\mlp_defended_confusion_test_retrained_attacker.json;D:\毕业设计毕业设计毕业设计毕业设计\Projects\iot_privacy_attack\outputs\defense\real_public_benchmark\casas_hh101\seed_42\ldp\defense_report.json;D:\毕业设计毕业设计毕业设计毕业设计\Projects\iot_privacy_attack\data\processed\real_public_benchmark\casas_hh101\seed_42\meta.json,23147,108019,23147
0.4209616796993131,0.43469996111807147,0.20435528226837654,casas_hh101,0.01373828141875837,0.0017318005401006813,"(40,)",0.49992374920945465,noise,fixed_attacker,mlp,0.49983247182618573,34,0.4661712297498146,96.83959451401311,42,D:\毕业设计毕业设计毕业设计毕业设计\Projects\iot_privacy_attack\outputs\defense\real_public_benchmark\casas_hh101\seed_42\noise\json_reports\mlp_baseline_confusion_test.json;D:\毕业设计毕业设计毕业设计毕业设计\Projects\iot_privacy_attack\outputs\defense\real_public_benchmark\casas_hh101\seed_42\noise\json_reports\mlp_defended_confusion_test_fixed_attacker.json;D:\毕业设计毕业设计毕业设计毕业设计\Projects\iot_privacy_attack\outputs\defense\real_public_benchmark\casas_hh101\seed_42\noise\defense_report.json;D:\毕业设计毕业设计毕业设计毕业设计\Projects\iot_privacy_attack\data\processed\real_public_benchmark\casas_hh101\seed_42\meta.json,23147,108019,23147
0.2453017669676416,0.43469996111807147,0.20435528226837654,casas_hh101,0.18939819415042985,0.08599736932032886,"(40,)",0.49992374920945465,noise,retrain_attacker,mlp,0.49983247182618573,34,0.4661712297498146,56.43013317431922,42,D:\毕业设计毕业设计毕业设计毕业设计\Projects\iot_privacy_attack\outputs\defense\real_public_benchmark\casas_hh101\seed_42\noise\json_reports\mlp_baseline_confusion_test.json;D:\毕业设计毕业设计毕业设计毕业设计\Projects\iot_privacy_attack\outputs\defense\real_public_benchmark\casas_hh101\seed_42\noise\json_reports\mlp_defended_confusion_test_retrained_attacker.json;D:\毕业设计毕业设计毕业设计毕业设计\Projects\iot_privacy_attack\outputs\defense\real_public_benchmark\casas_hh101\seed_42\noise\defense_report.json;D:\毕业设计毕业设计毕业设计毕业设计\Projects\iot_privacy_attack\data\processed\real_public_benchmark\casas_hh101\seed_42\meta.json,23147,108019,23147
0.2920464855056811,0.4499071153929235,0.28296235354441596,casas_hh101,0.15786062988724242,0.1234236206001496,"(30, 6)",0.2291392371113853,adaptive_ldp,fixed_attacker,lstm,0.20618137994927851,34,0.5943600899092415,64.91261763011332,123,D:\毕业设计毕业设计毕业设计毕业设计\Projects\iot_privacy_attack\outputs\defense\real_public_benchmark\casas_hh101\seed_123\adaptive_ldp\json_reports\lstm_baseline_confusion_test.json;D:\毕业设计毕业设计毕业设计毕业设计\Projects\iot_privacy_attack\outputs\defense\real_public_benchmark\casas_hh101\seed_123\adaptive_ldp\json_reports\lstm_defended_confusion_test_fixed_attacker.json;D:\毕业设计毕业设计毕业设计毕业设计\Projects\iot_privacy_attack\outputs\defense\real_public_benchmark\casas_hh101\seed_123\adaptive_ldp\defense_report.json;D:\毕业设计毕业设计毕业设计毕业设计\Projects\iot_privacy_attack\data\processed\real_public_benchmark\casas_hh101\seed_123\meta.json,23147,108019,23147
0.046485505681081785,0.4499071153929235,0.28296235354441596,casas_hh101,0.4034216097118417,0.18616108278858032,"(30, 6)",0.2291392371113853,adaptive_ldp,retrain_attacker,lstm,0.20618137994927851,34,0.5943600899092415,10.332245054734013,123,D:\毕业设计毕业设计毕业设计毕业设计\Projects\iot_privacy_attack\outputs\defense\real_public_benchmark\casas_hh101\seed_123\adaptive_ldp\json_reports\lstm_baseline_confusion_test.json;D:\毕业设计毕业设计毕业设计毕业设计\Projects\iot_privacy_attack\outputs\defense\real_public_benchmark\casas_hh101\seed_123\adaptive_ldp\json_reports\lstm_defended_confusion_test_retrained_attacker.json;D:\毕业设计毕业设计毕业设计毕业设计\Projects\iot_privacy_attack\outputs\defense\real_public_benchmark\casas_hh101\seed_123\adaptive_ldp\defense_report.json;D:\毕业设计毕业设计毕业设计毕业设计\Projects\iot_privacy_attack\data\processed\real_public_benchmark\casas_hh101\seed_123\meta.json,23147,108019,23147
0.41227804899123,0.4499071153929235,0.28296235354441596,casas_hh101,0.03762906640169352,0.03311543987360175,"(30, 6)",0.5528992152254002,ldp,fixed_attacker,lstm,1.0445092831841984,34,0.26939232422414516,91.63625888227386,123,D:\毕业设计毕业设计毕业设计毕业设计\Projects\iot_privacy_attack\outputs\defense\real_public_benchmark\casas_hh101\seed_123\ldp\json_reports\lstm_baseline_confusion_test.json;D:\毕业设计毕业设计毕业设计毕业设计\Projects\iot_privacy_attack\outputs\defense\real_public_benchmark\casas_hh101\seed_123\ldp\json_reports\lstm_defended_confusion_test_fixed_attacker.json;D:\毕业设计毕业设计毕业设计毕业设计\Projects\iot_privacy_attack\outputs\defense\real_public_benchmark\casas_hh101\seed_123\ldp\defense_report.json;D:\毕业设计毕业设计毕业设计毕业设计\Projects\iot_privacy_attack\data\processed\real_public_benchmark\casas_hh101\seed_123\meta.json,23147,108019,23147
0.11172074134877091,0.4499071153929235,0.28296235354441596,casas_hh101,0.3381863740441526,0.14288134740748654,"(30, 6)",0.5528992152254002,ldp,retrain_attacker,lstm,1.0445092831841984,34,0.26939232422414516,24.831956980987137,123,D:\毕业设计毕业设计毕业设计毕业设计\Projects\iot_privacy_attack\outputs\defense\real_public_benchmark\casas_hh101\seed_123\ldp\json_reports\lstm_baseline_confusion_test.json;D:\毕业设计毕业设计毕业设计毕业设计\Projects\iot_privacy_attack\outputs\defense\real_public_benchmark\casas_hh101\seed_123\ldp\json_reports\lstm_defended_confusion_test_retrained_attacker.json;D:\毕业设计毕业设计毕业设计毕业设计\Projects\iot_privacy_attack\outputs\defense\real_public_benchmark\casas_hh101\seed_123\ldp\defense_report.json;D:\毕业设计毕业设计毕业设计毕业设计\Projects\iot_privacy_attack\data\processed\real_public_benchmark\casas_hh101\seed_123\meta.json,23147,108019,23147
0.3436730461830907,0.4499071153929235,0.28296235354441596,casas_hh101,0.1062340692098328,0.0975851661152169,"(30, 6)",0.5001626920327928,noise,fixed_attacker,lstm,0.500212278974836,34,0.4662941603323881,76.38755521413482,123,D:\毕业设计毕业设计毕业设计毕业设计\Projects\iot_privacy_attack\outputs\defense\real_public_benchmark\casas_hh101\seed_123\noise\json_reports\lstm_baseline_confusion_test.json;D:\毕业设计毕业设计毕业设计毕业设计\Projects\iot_privacy_attack\outputs\defense\real_public_benchmark\casas_hh101\seed_123\noise\json_reports\lstm_defended_confusion_test_fixed_attacker.json;D:\毕业设计毕业设计毕业设计毕业设计\Projects\iot_privacy_attack\outputs\defense\real_public_benchmark\casas_hh101\seed_123\noise\defense_report.json;D:\毕业设计毕业设计毕业设计毕业设计\Projects\iot_privacy_attack\data\processed\real_public_benchmark\casas_hh101\seed_123\meta.json,23147,108019,23147
0.08286170994081304,0.4499071153929235,0.28296235354441596,casas_hh101,0.36704540545211045,0.19966294090123635,"(30, 6)",0.5001626920327928,noise,retrain_attacker,lstm,0.500212278974836,34,0.4662941603323881,18.417514883810252,123,D:\毕业设计毕业设计毕业设计毕业设计\Projects\iot_privacy_attack\outputs\defense\real_public_benchmark\casas_hh101\seed_123\noise\json_reports\lstm_baseline_confusion_test.json;D:\毕业设计毕业设计毕业设计毕业设计\Projects\iot_privacy_attack\outputs\defense\real_public_benchmark\casas_hh101\seed_123\noise\json_reports\lstm_defended_confusion_test_retrained_attacker.json;D:\毕业设计毕业设计毕业设计毕业设计\Projects\iot_privacy_attack\outputs\defense\real_public_benchmark\casas_hh101\seed_123\noise\defense_report.json;D:\毕业设计毕业设计毕业设计毕业设计\Projects\iot_privacy_attack\data\processed\real_public_benchmark\casas_hh101\seed_123\meta.json,23147,108019,23147
0.375642631874541,0.4379401218300428,0.20817268110303347,casas_hh101,0.06229748995550179,0.009551476048587975,"(40,)",0.2291392371113853,adaptive_ldp,fixed_attacker,mlp,0.20618137994927851,34,0.5943600899092415,85.77488408799448,123,D:\毕业设计毕业设计毕业设计毕业设计\Projects\iot_privacy_attack\outputs\defense\real_public_benchmark\casas_hh101\seed_123\adaptive_ldp\json_reports\mlp_baseline_confusion_test.json;D:\毕业设计毕业设计毕业设计毕业设计\Projects\iot_privacy_attack\outputs\defense\real_public_benchmark\casas_hh101\seed_123\adaptive_ldp\json_reports\mlp_defended_confusion_test_fixed_attacker.json;D:\毕业设计毕业设计毕业设计毕业设计\Projects\iot_privacy_attack\outputs\defense\real_public_benchmark\casas_hh101\seed_123\adaptive_ldp\defense_report.json;D:\毕业设计毕业设计毕业设计毕业设计\Projects\iot_privacy_attack\data\processed\real_public_benchmark\casas_hh101\seed_123\meta.json,23147,108019,23147
0.06704972566639306,0.4379401218300428,0.20817268110303347,casas_hh101,0.3708903961636497,0.0994403302290165,"(40,)",0.2291392371113853,adaptive_ldp,retrain_attacker,mlp,0.20618137994927851,34,0.5943600899092415,15.31024958074381,123,D:\毕业设计毕业设计毕业设计毕业设计\Projects\iot_privacy_attack\outputs\defense\real_public_benchmark\casas_hh101\seed_123\adaptive_ldp\json_reports\mlp_baseline_confusion_test.json;D:\毕业设计毕业设计毕业设计毕业设计\Projects\iot_privacy_attack\outputs\defense\real_public_benchmark\casas_hh101\seed_123\adaptive_ldp\json_reports\mlp_defended_confusion_test_retrained_attacker.json;D:\毕业设计毕业设计毕业设计毕业设计\Projects\iot_privacy_attack\outputs\defense\real_public_benchmark\casas_hh101\seed_123\adaptive_ldp\defense_report.json;D:\毕业设计毕业设计毕业设计毕业设计\Projects\iot_privacy_attack\data\processed\real_public_benchmark\casas_hh101\seed_123\meta.json,23147,108019,23147
0.3759018447314987,0.4379401218300428,0.20817268110303347,casas_hh101,0.062038277098544085,0.0055383722212790166,"(40,)",0.5528992152254002,ldp,fixed_attacker,mlp,1.0445092831841984,34,0.26939232422414516,85.83407319719838,123,D:\毕业设计毕业设计毕业设计毕业设计\Projects\iot_privacy_attack\outputs\defense\real_public_benchmark\casas_hh101\seed_123\ldp\json_reports\mlp_baseline_confusion_test.json;D:\毕业设计毕业设计毕业设计毕业设计\Projects\iot_privacy_attack\outputs\defense\real_public_benchmark\casas_hh101\seed_123\ldp\json_reports\mlp_defended_confusion_test_fixed_attacker.json;D:\毕业设计毕业设计毕业设计毕业设计\Projects\iot_privacy_attack\outputs\defense\real_public_benchmark\casas_hh101\seed_123\ldp\defense_report.json;D:\毕业设计毕业设计毕业设计毕业设计\Projects\iot_privacy_attack\data\processed\real_public_benchmark\casas_hh101\seed_123\meta.json,23147,108019,23147
0.12511340562491902,0.4379401218300428,0.20817268110303347,casas_hh101,0.31282671620512376,0.08563054774050445,"(40,)",0.5528992152254002,ldp,retrain_attacker,mlp,1.0445092831841984,34,0.26939232422414516,28.568610042418868,123,D:\毕业设计毕业设计毕业设计毕业设计\Projects\iot_privacy_attack\outputs\defense\real_public_benchmark\casas_hh101\seed_123\ldp\json_reports\mlp_baseline_confusion_test.json;D:\毕业设计毕业设计毕业设计毕业设计\Projects\iot_privacy_attack\outputs\defense\real_public_benchmark\casas_hh101\seed_123\ldp\json_reports\mlp_defended_confusion_test_retrained_attacker.json;D:\毕业设计毕业设计毕业设计毕业设计\Projects\iot_privacy_attack\outputs\defense\real_public_benchmark\casas_hh101\seed_123\ldp\defense_report.json;D:\毕业设计毕业设计毕业设计毕业设计\Projects\iot_privacy_attack\data\processed\real_public_benchmark\casas_hh101\seed_123\meta.json,23147,108019,23147
0.4226033611267119,0.4379401218300428,0.20817268110303347,casas_hh101,0.015336760703330884,0.0033037553442353995,"(40,)",0.5001626920327928,noise,fixed_attacker,mlp,0.500212278974836,34,0.4662941603323881,96.49797770543553,123,D:\毕业设计毕业设计毕业设计毕业设计\Projects\iot_privacy_attack\outputs\defense\real_public_benchmark\casas_hh101\seed_123\noise\json_reports\mlp_baseline_confusion_test.json;D:\毕业设计毕业设计毕业设计毕业设计\Projects\iot_privacy_attack\outputs\defense\real_public_benchmark\casas_hh101\seed_123\noise\json_reports\mlp_defended_confusion_test_fixed_attacker.json;D:\毕业设计毕业设计毕业设计毕业设计\Projects\iot_privacy_attack\outputs\defense\real_public_benchmark\casas_hh101\seed_123\noise\defense_report.json;D:\毕业设计毕业设计毕业设计毕业设计\Projects\iot_privacy_attack\data\processed\real_public_benchmark\casas_hh101\seed_123\meta.json,23147,108019,23147
0.08731153065192032,0.4379401218300428,0.20817268110303347,casas_hh101,0.35062859117812245,0.10654101840342037,"(40,)",0.5001626920327928,noise,retrain_attacker,mlp,0.500212278974836,34,0.4662941603323881,19.936864950182496,123,D:\毕业设计毕业设计毕业设计毕业设计\Projects\iot_privacy_attack\outputs\defense\real_public_benchmark\casas_hh101\seed_123\noise\json_reports\mlp_baseline_confusion_test.json;D:\毕业设计毕业设计毕业设计毕业设计\Projects\iot_privacy_attack\outputs\defense\real_public_benchmark\casas_hh101\seed_123\noise\json_reports\mlp_defended_confusion_test_retrained_attacker.json;D:\毕业设计毕业设计毕业设计毕业设计\Projects\iot_privacy_attack\outputs\defense\real_public_benchmark\casas_hh101\seed_123\noise\defense_report.json;D:\毕业设计毕业设计毕业设计毕业设计\Projects\iot_privacy_attack\data\processed\real_public_benchmark\casas_hh101\seed_123\meta.json,23147,108019,23147
0.38259817686957276,0.5245604181967426,0.30693562913861266,casas_hh101,0.14196224132716984,0.1252431010883711,"(30, 6)",0.22904223018519984,adaptive_ldp,fixed_attacker,lstm,0.20599970240155802,34,0.5944773259572188,72.93691319387251,2026,D:\毕业设计毕业设计毕业设计毕业设计\Projects\iot_privacy_attack\outputs\defense\real_public_benchmark\casas_hh101\seed_2026\adaptive_ldp\json_reports\lstm_baseline_confusion_test.json;D:\毕业设计毕业设计毕业设计毕业设计\Projects\iot_privacy_attack\outputs\defense\real_public_benchmark\casas_hh101\seed_2026\adaptive_ldp\json_reports\lstm_defended_confusion_test_fixed_attacker.json;D:\毕业设计毕业设计毕业设计毕业设计\Projects\iot_privacy_attack\outputs\defense\real_public_benchmark\casas_hh101\seed_2026\adaptive_ldp\defense_report.json;D:\毕业设计毕业设计毕业设计毕业设计\Projects\iot_privacy_attack\data\processed\real_public_benchmark\casas_hh101\seed_2026\meta.json,23147,108019,23147
0.07076510994945351,0.5245604181967426,0.30693562913861266,casas_hh101,0.4537953082472891,0.21294805956757445,"(30, 6)",0.22904223018519984,adaptive_ldp,retrain_attacker,lstm,0.20599970240155802,34,0.5944773259572188,13.490364025695934,2026,D:\毕业设计毕业设计毕业设计毕业设计\Projects\iot_privacy_attack\outputs\defense\real_public_benchmark\casas_hh101\seed_2026\adaptive_ldp\json_reports\lstm_baseline_confusion_test.json;D:\毕业设计毕业设计毕业设计毕业设计\Projects\iot_privacy_attack\outputs\defense\real_public_benchmark\casas_hh101\seed_2026\adaptive_ldp\json_reports\lstm_defended_confusion_test_retrained_attacker.json;D:\毕业设计毕业设计毕业设计毕业设计\Projects\iot_privacy_attack\outputs\defense\real_public_benchmark\casas_hh101\seed_2026\adaptive_ldp\defense_report.json;D:\毕业设计毕业设计毕业设计毕业设计\Projects\iot_privacy_attack\data\processed\real_public_benchmark\casas_hh101\seed_2026\meta.json,23147,108019,23147
0.4762604225169569,0.5245604181967426,0.30693562913861266,casas_hh101,0.04829999567978572,0.03789041350002957,"(30, 6)",0.5527789735311809,ldp,fixed_attacker,lstm,1.0441997554501992,34,0.2691615838531791,90.79229122055675,2026,D:\毕业设计毕业设计毕业设计毕业设计\Projects\iot_privacy_attack\outputs\defense\real_public_benchmark\casas_hh101\seed_2026\ldp\json_reports\lstm_baseline_confusion_test.json;D:\毕业设计毕业设计毕业设计毕业设计\Projects\iot_privacy_attack\outputs\defense\real_public_benchmark\casas_hh101\seed_2026\ldp\json_reports\lstm_defended_confusion_test_fixed_attacker.json;D:\毕业设计毕业设计毕业设计毕业设计\Projects\iot_privacy_attack\outputs\defense\real_public_benchmark\casas_hh101\seed_2026\ldp\defense_report.json;D:\毕业设计毕业设计毕业设计毕业设计\Projects\iot_privacy_attack\data\processed\real_public_benchmark\casas_hh101\seed_2026\meta.json,23147,108019,23147
0.2937745712187325,0.5245604181967426,0.30693562913861266,casas_hh101,0.2307858469780101,0.1355803436628986,"(30, 6)",0.5527789735311809,ldp,retrain_attacker,lstm,1.0441997554501992,34,0.2691615838531791,56.003953220227324,2026,D:\毕业设计毕业设计毕业设计毕业设计\Projects\iot_privacy_attack\outputs\defense\real_public_benchmark\casas_hh101\seed_2026\ldp\json_reports\lstm_baseline_confusion_test.json;D:\毕业设计毕业设计毕业设计毕业设计\Projects\iot_privacy_attack\outputs\defense\real_public_benchmark\casas_hh101\seed_2026\ldp\json_reports\lstm_defended_confusion_test_retrained_attacker.json;D:\毕业设计毕业设计毕业设计毕业设计\Projects\iot_privacy_attack\outputs\defense\real_public_benchmark\casas_hh101\seed_2026\ldp\defense_report.json;D:\毕业设计毕业设计毕业设计毕业设计\Projects\iot_privacy_attack\data\processed\real_public_benchmark\casas_hh101\seed_2026\meta.json,23147,108019,23147
0.42713958612347175,0.5245604181967426,0.30693562913861266,casas_hh101,0.09742083207327083,0.09181549243756841,"(30, 6)",0.5000974200760557,noise,fixed_attacker,lstm,0.500244089453987,34,0.4662592574597787,81.4281008071158,2026,D:\毕业设计毕业设计毕业设计毕业设计\Projects\iot_privacy_attack\outputs\defense\real_public_benchmark\casas_hh101\seed_2026\noise\json_reports\lstm_baseline_confusion_test.json;D:\毕业设计毕业设计毕业设计毕业设计\Projects\iot_privacy_attack\outputs\defense\real_public_benchmark\casas_hh101\seed_2026\noise\json_reports\lstm_defended_confusion_test_fixed_attacker.json;D:\毕业设计毕业设计毕业设计毕业设计\Projects\iot_privacy_attack\outputs\defense\real_public_benchmark\casas_hh101\seed_2026\noise\defense_report.json;D:\毕业设计毕业设计毕业设计毕业设计\Projects\iot_privacy_attack\data\processed\real_public_benchmark\casas_hh101\seed_2026\meta.json,23147,108019,23147
0.15250356417678318,0.5245604181967426,0.30693562913861266,casas_hh101,0.3720568540199594,0.18569082737636547,"(30, 6)",0.5000974200760557,noise,retrain_attacker,lstm,0.500244089453987,34,0.4662592574597787,29.072640421676827,2026,D:\毕业设计毕业设计毕业设计毕业设计\Projects\iot_privacy_attack\outputs\defense\real_public_benchmark\casas_hh101\seed_2026\noise\json_reports\lstm_baseline_confusion_test.json;D:\毕业设计毕业设计毕业设计毕业设计\Projects\iot_privacy_attack\outputs\defense\real_public_benchmark\casas_hh101\seed_2026\noise\json_reports\lstm_defended_confusion_test_retrained_attacker.json;D:\毕业设计毕业设计毕业设计毕业设计\Projects\iot_privacy_attack\outputs\defense\real_public_benchmark\casas_hh101\seed_2026\noise\defense_report.json;D:\毕业设计毕业设计毕业设计毕业设计\Projects\iot_privacy_attack\data\processed\real_public_benchmark\casas_hh101\seed_2026\meta.json,23147,108019,23147
0.37352572687605307,0.44096427182788267,0.21820889277052577,casas_hh101,0.0674385449518296,0.02240945981204423,"(40,)",0.22904223018519984,adaptive_ldp,fixed_attacker,mlp,0.20599970240155802,34,0.5944773259572188,84.70657391985893,2026,D:\毕业设计毕业设计毕业设计毕业设计\Projects\iot_privacy_attack\outputs\defense\real_public_benchmark\casas_hh101\seed_2026\adaptive_ldp\json_reports\mlp_baseline_confusion_test.json;D:\毕业设计毕业设计毕业设计毕业设计\Projects\iot_privacy_attack\outputs\defense\real_public_benchmark\casas_hh101\seed_2026\adaptive_ldp\json_reports\mlp_defended_confusion_test_fixed_attacker.json;D:\毕业设计毕业设计毕业设计毕业设计\Projects\iot_privacy_attack\outputs\defense\real_public_benchmark\casas_hh101\seed_2026\adaptive_ldp\defense_report.json;D:\毕业设计毕业设计毕业设计毕业设计\Projects\iot_privacy_attack\data\processed\real_public_benchmark\casas_hh101\seed_2026\meta.json,23147,108019,23147
0.1702164427355597,0.44096427182788267,0.21820889277052577,casas_hh101,0.270747829092323,0.11070174197061741,"(40,)",0.22904223018519984,adaptive_ldp,retrain_attacker,mlp,0.20599970240155802,34,0.5944773259572188,38.600960125404136,2026,D:\毕业设计毕业设计毕业设计毕业设计\Projects\iot_privacy_attack\outputs\defense\real_public_benchmark\casas_hh101\seed_2026\adaptive_ldp\json_reports\mlp_baseline_confusion_test.json;D:\毕业设计毕业设计毕业设计毕业设计\Projects\iot_privacy_attack\outputs\defense\real_public_benchmark\casas_hh101\seed_2026\adaptive_ldp\json_reports\mlp_defended_confusion_test_retrained_attacker.json;D:\毕业设计毕业设计毕业设计毕业设计\Projects\iot_privacy_attack\outputs\defense\real_public_benchmark\casas_hh101\seed_2026\adaptive_ldp\defense_report.json;D:\毕业设计毕业设计毕业设计毕业设计\Projects\iot_privacy_attack\data\processed\real_public_benchmark\casas_hh101\seed_2026\meta.json,23147,108019,23147
0.37330971616192166,0.44096427182788267,0.21820889277052577,casas_hh101,0.06765455566596103,0.019967560320874194,"(40,)",0.5527789735311809,ldp,fixed_attacker,mlp,1.0441997554501992,34,0.2691615838531791,84.65758792985206,2026,D:\毕业设计毕业设计毕业设计毕业设计\Projects\iot_privacy_attack\outputs\defense\real_public_benchmark\casas_hh101\seed_2026\ldp\json_reports\mlp_baseline_confusion_test.json;D:\毕业设计毕业设计毕业设计毕业设计\Projects\iot_privacy_attack\outputs\defense\real_public_benchmark\casas_hh101\seed_2026\ldp\json_reports\mlp_defended_confusion_test_fixed_attacker.json;D:\毕业设计毕业设计毕业设计毕业设计\Projects\iot_privacy_attack\outputs\defense\real_public_benchmark\casas_hh101\seed_2026\ldp\defense_report.json;D:\毕业设计毕业设计毕业设计毕业设计\Projects\iot_privacy_attack\data\processed\real_public_benchmark\casas_hh101\seed_2026\meta.json,23147,108019,23147
0.08895321207931917,0.44096427182788267,0.21820889277052577,casas_hh101,0.3520110597485635,0.09471060725678526,"(40,)",0.5527789735311809,ldp,retrain_attacker,mlp,1.0441997554501992,34,0.2691615838531791,20.172430684824146,2026,D:\毕业设计毕业设计毕业设计毕业设计\Projects\iot_privacy_attack\outputs\defense\real_public_benchmark\casas_hh101\seed_2026\ldp\json_reports\mlp_baseline_confusion_test.json;D:\毕业设计毕业设计毕业设计毕业设计\Projects\iot_privacy_attack\outputs\defense\real_public_benchmark\casas_hh101\seed_2026\ldp\json_reports\mlp_defended_confusion_test_retrained_attacker.json;D:\毕业设计毕业设计毕业设计毕业设计\Projects\iot_privacy_attack\outputs\defense\real_public_benchmark\casas_hh101\seed_2026\ldp\defense_report.json;D:\毕业设计毕业设计毕业设计毕业设计\Projects\iot_privacy_attack\data\processed\real_public_benchmark\casas_hh101\seed_2026\meta.json,23147,108019,23147
0.42856525683673913,0.44096427182788267,0.21820889277052577,casas_hh101,0.012399014991143561,0.0007204213084055847,"(40,)",0.5000974200760557,noise,fixed_attacker,mlp,0.500244089453987,34,0.4662592574597787,97.18820417360635,2026,D:\毕业设计毕业设计毕业设计毕业设计\Projects\iot_privacy_attack\outputs\defense\real_public_benchmark\casas_hh101\seed_2026\noise\json_reports\mlp_baseline_confusion_test.json;D:\毕业设计毕业设计毕业设计毕业设计\Projects\iot_privacy_attack\outputs\defense\real_public_benchmark\casas_hh101\seed_2026\noise\json_reports\mlp_defended_confusion_test_fixed_attacker.json;D:\毕业设计毕业设计毕业设计毕业设计\Projects\iot_privacy_attack\outputs\defense\real_public_benchmark\casas_hh101\seed_2026\noise\defense_report.json;D:\毕业设计毕业设计毕业设计毕业设计\Projects\iot_privacy_attack\data\processed\real_public_benchmark\casas_hh101\seed_2026\meta.json,23147,108019,23147
0.06981466280727527,0.44096427182788267,0.21820889277052577,casas_hh101,0.3711496090206074,0.10580457338054959,"(40,)",0.5000974200760557,noise,retrain_attacker,mlp,0.500244089453987,34,0.4662592574597787,15.832271970216524,2026,D:\毕业设计毕业设计毕业设计毕业设计\Projects\iot_privacy_attack\outputs\defense\real_public_benchmark\casas_hh101\seed_2026\noise\json_reports\mlp_baseline_confusion_test.json;D:\毕业设计毕业设计毕业设计毕业设计\Projects\iot_privacy_attack\outputs\defense\real_public_benchmark\casas_hh101\seed_2026\noise\json_reports\mlp_defended_confusion_test_retrained_attacker.json;D:\毕业设计毕业设计毕业设计毕业设计\Projects\iot_privacy_attack\outputs\defense\real_public_benchmark\casas_hh101\seed_2026\noise\defense_report.json;D:\毕业设计毕业设计毕业设计毕业设计\Projects\iot_privacy_attack\data\processed\real_public_benchmark\casas_hh101\seed_2026\meta.json,23147,108019,23147
0.3005181347150259,0.40932642487046633,0.35183473828835815,kasteren,0.10880829015544041,0.08310014241386791,"(30, 14)",0.24104263970307557,adaptive_ldp,fixed_attacker,lstm,0.2154575759235594,54,0.45116133497093,73.41772151898735,42,D:\毕业设计毕业设计毕业设计毕业设计\Projects\iot_privacy_attack\outputs\defense\real_public_benchmark\kasteren\seed_42\adaptive_ldp\json_reports\lstm_baseline_confusion_test.json;D:\毕业设计毕业设计毕业设计毕业设计\Projects\iot_privacy_attack\outputs\defense\real_public_benchmark\kasteren\seed_42\adaptive_ldp\json_reports\lstm_defended_confusion_test_fixed_attacker.json;D:\毕业设计毕业设计毕业设计毕业设计\Projects\iot_privacy_attack\outputs\defense\real_public_benchmark\kasteren\seed_42\adaptive_ldp\defense_report.json;D:\毕业设计毕业设计毕业设计毕业设计\Projects\iot_privacy_attack\data\processed\real_public_benchmark\kasteren\seed_42\meta.json,193,903,194
0.3316062176165803,0.40932642487046633,0.35183473828835815,kasteren,0.07772020725388601,0.056424464424464416,"(30, 14)",0.24104263970307557,adaptive_ldp,retrain_attacker,lstm,0.2154575759235594,54,0.45116133497093,81.0126582278481,42,D:\毕业设计毕业设计毕业设计毕业设计\Projects\iot_privacy_attack\outputs\defense\real_public_benchmark\kasteren\seed_42\adaptive_ldp\json_reports\lstm_baseline_confusion_test.json;D:\毕业设计毕业设计毕业设计毕业设计\Projects\iot_privacy_attack\outputs\defense\real_public_benchmark\kasteren\seed_42\adaptive_ldp\json_reports\lstm_defended_confusion_test_retrained_attacker.json;D:\毕业设计毕业设计毕业设计毕业设计\Projects\iot_privacy_attack\outputs\defense\real_public_benchmark\kasteren\seed_42\adaptive_ldp\defense_report.json;D:\毕业设计毕业设计毕业设计毕业设计\Projects\iot_privacy_attack\data\processed\real_public_benchmark\kasteren\seed_42\meta.json,193,903,194
0.3678756476683938,0.40932642487046633,0.35183473828835815,kasteren,0.04145077720207254,0.02354941976790716,"(30, 14)",0.5215905695428109,ldp,fixed_attacker,lstm,1.0163629007672998,54,0.19496031992101998,89.87341772151899,42,D:\毕业设计毕业设计毕业设计毕业设计\Projects\iot_privacy_attack\outputs\defense\real_public_benchmark\kasteren\seed_42\ldp\json_reports\lstm_baseline_confusion_test.json;D:\毕业设计毕业设计毕业设计毕业设计\Projects\iot_privacy_attack\outputs\defense\real_public_benchmark\kasteren\seed_42\ldp\json_reports\lstm_defended_confusion_test_fixed_attacker.json;D:\毕业设计毕业设计毕业设计毕业设计\Projects\iot_privacy_attack\outputs\defense\real_public_benchmark\kasteren\seed_42\ldp\defense_report.json;D:\毕业设计毕业设计毕业设计毕业设计\Projects\iot_privacy_attack\data\processed\real_public_benchmark\kasteren\seed_42\meta.json,193,903,194
0.40414507772020725,0.40932642487046633,0.35183473828835815,kasteren,0.0051813471502590676,0.010416666666666666,"(30, 14)",0.5215905695428109,ldp,retrain_attacker,lstm,1.0163629007672998,54,0.19496031992101998,98.73417721518987,42,D:\毕业设计毕业设计毕业设计毕业设计\Projects\iot_privacy_attack\outputs\defense\real_public_benchmark\kasteren\seed_42\ldp\json_reports\lstm_baseline_confusion_test.json;D:\毕业设计毕业设计毕业设计毕业设计\Projects\iot_privacy_attack\outputs\defense\real_public_benchmark\kasteren\seed_42\ldp\json_reports\lstm_defended_confusion_test_retrained_attacker.json;D:\毕业设计毕业设计毕业设计毕业设计\Projects\iot_privacy_attack\outputs\defense\real_public_benchmark\kasteren\seed_42\ldp\defense_report.json;D:\毕业设计毕业设计毕业设计毕业设计\Projects\iot_privacy_attack\data\processed\real_public_benchmark\kasteren\seed_42\meta.json,193,903,194
0.31088082901554404,0.40932642487046633,0.35183473828835815,kasteren,0.09844559585492228,0.05377499919022411,"(30, 14)",0.4995647374222633,noise,fixed_attacker,lstm,0.4991031832390984,54,0.34050880090111196,75.94936708860759,42,D:\毕业设计毕业设计毕业设计毕业设计\Projects\iot_privacy_attack\outputs\defense\real_public_benchmark\kasteren\seed_42\noise\json_reports\lstm_baseline_confusion_test.json;D:\毕业设计毕业设计毕业设计毕业设计\Projects\iot_privacy_attack\outputs\defense\real_public_benchmark\kasteren\seed_42\noise\json_reports\lstm_defended_confusion_test_fixed_attacker.json;D:\毕业设计毕业设计毕业设计毕业设计\Projects\iot_privacy_attack\outputs\defense\real_public_benchmark\kasteren\seed_42\noise\defense_report.json;D:\毕业设计毕业设计毕业设计毕业设计\Projects\iot_privacy_attack\data\processed\real_public_benchmark\kasteren\seed_42\meta.json,193,903,194
0.3626943005181347,0.40932642487046633,0.35183473828835815,kasteren,0.046632124352331605,0.017381656804733726,"(30, 14)",0.4995647374222633,noise,retrain_attacker,lstm,0.4991031832390984,54,0.34050880090111196,88.60759493670886,42,D:\毕业设计毕业设计毕业设计毕业设计\Projects\iot_privacy_attack\outputs\defense\real_public_benchmark\kasteren\seed_42\noise\json_reports\lstm_baseline_confusion_test.json;D:\毕业设计毕业设计毕业设计毕业设计\Projects\iot_privacy_attack\outputs\defense\real_public_benchmark\kasteren\seed_42\noise\json_reports\lstm_defended_confusion_test_retrained_attacker.json;D:\毕业设计毕业设计毕业设计毕业设计\Projects\iot_privacy_attack\outputs\defense\real_public_benchmark\kasteren\seed_42\noise\defense_report.json;D:\毕业设计毕业设计毕业设计毕业设计\Projects\iot_privacy_attack\data\processed\real_public_benchmark\kasteren\seed_42\meta.json,193,903,194
0.1761658031088083,0.21243523316062177,0.20080677869139407,kasteren,0.03626943005181347,0.003638866445222492,"(88,)",0.24104263970307557,adaptive_ldp,fixed_attacker,mlp,0.2154575759235594,54,0.45116133497093,82.92682926829269,42,D:\毕业设计毕业设计毕业设计毕业设计\Projects\iot_privacy_attack\outputs\defense\real_public_benchmark\kasteren\seed_42\adaptive_ldp\json_reports\mlp_baseline_confusion_test.json;D:\毕业设计毕业设计毕业设计毕业设计\Projects\iot_privacy_attack\outputs\defense\real_public_benchmark\kasteren\seed_42\adaptive_ldp\json_reports\mlp_defended_confusion_test_fixed_attacker.json;D:\毕业设计毕业设计毕业设计毕业设计\Projects\iot_privacy_attack\outputs\defense\real_public_benchmark\kasteren\seed_42\adaptive_ldp\defense_report.json;D:\毕业设计毕业设计毕业设计毕业设计\Projects\iot_privacy_attack\data\processed\real_public_benchmark\kasteren\seed_42\meta.json,193,903,194
0.19689119170984457,0.21243523316062177,0.20080677869139407,kasteren,0.015544041450777202,0.0010434782608695653,"(88,)",0.24104263970307557,adaptive_ldp,retrain_attacker,mlp,0.2154575759235594,54,0.45116133497093,92.6829268292683,42,D:\毕业设计毕业设计毕业设计毕业设计\Projects\iot_privacy_attack\outputs\defense\real_public_benchmark\kasteren\seed_42\adaptive_ldp\json_reports\mlp_baseline_confusion_test.json;D:\毕业设计毕业设计毕业设计毕业设计\Projects\iot_privacy_attack\outputs\defense\real_public_benchmark\kasteren\seed_42\adaptive_ldp\json_reports\mlp_defended_confusion_test_retrained_attacker.json;D:\毕业设计毕业设计毕业设计毕业设计\Projects\iot_privacy_attack\outputs\defense\real_public_benchmark\kasteren\seed_42\adaptive_ldp\defense_report.json;D:\毕业设计毕业设计毕业设计毕业设计\Projects\iot_privacy_attack\data\processed\real_public_benchmark\kasteren\seed_42\meta.json,193,903,194
0.21243523316062177,0.21243523316062177,0.20080677869139407,kasteren,0.0,0.0,"(88,)",0.5215905695428109,ldp,fixed_attacker,mlp,1.0163629007672998,54,0.19496031992101998,100.0,42,D:\毕业设计毕业设计毕业设计毕业设计\Projects\iot_privacy_attack\outputs\defense\real_public_benchmark\kasteren\seed_42\ldp\json_reports\mlp_baseline_confusion_test.json;D:\毕业设计毕业设计毕业设计毕业设计\Projects\iot_privacy_attack\outputs\defense\real_public_benchmark\kasteren\seed_42\ldp\json_reports\mlp_defended_confusion_test_fixed_attacker.json;D:\毕业设计毕业设计毕业设计毕业设计\Projects\iot_privacy_attack\outputs\defense\real_public_benchmark\kasteren\seed_42\ldp\defense_report.json;D:\毕业设计毕业设计毕业设计毕业设计\Projects\iot_privacy_attack\data\processed\real_public_benchmark\kasteren\seed_42\meta.json,193,903,194
0.1917098445595855,0.21243523316062177,0.20080677869139407,kasteren,0.02072538860103627,0.0016244624940277114,"(88,)",0.5215905695428109,ldp,retrain_attacker,mlp,1.0163629007672998,54,0.19496031992101998,90.2439024390244,42,D:\毕业设计毕业设计毕业设计毕业设计\Projects\iot_privacy_attack\outputs\defense\real_public_benchmark\kasteren\seed_42\ldp\json_reports\mlp_baseline_confusion_test.json;D:\毕业设计毕业设计毕业设计毕业设计\Projects\iot_privacy_attack\outputs\defense\real_public_benchmark\kasteren\seed_42\ldp\json_reports\mlp_defended_confusion_test_retrained_attacker.json;D:\毕业设计毕业设计毕业设计毕业设计\Projects\iot_privacy_attack\outputs\defense\real_public_benchmark\kasteren\seed_42\ldp\defense_report.json;D:\毕业设计毕业设计毕业设计毕业设计\Projects\iot_privacy_attack\data\processed\real_public_benchmark\kasteren\seed_42\meta.json,193,903,194
0.1917098445595855,0.21243523316062177,0.20080677869139407,kasteren,0.02072538860103627,0.0008828073273008165,"(88,)",0.4995647374222633,noise,fixed_attacker,mlp,0.4991031832390984,54,0.34050880090111196,90.2439024390244,42,D:\毕业设计毕业设计毕业设计毕业设计\Projects\iot_privacy_attack\outputs\defense\real_public_benchmark\kasteren\seed_42\noise\json_reports\mlp_baseline_confusion_test.json;D:\毕业设计毕业设计毕业设计毕业设计\Projects\iot_privacy_attack\outputs\defense\real_public_benchmark\kasteren\seed_42\noise\json_reports\mlp_defended_confusion_test_fixed_attacker.json;D:\毕业设计毕业设计毕业设计毕业设计\Projects\iot_privacy_attack\outputs\defense\real_public_benchmark\kasteren\seed_42\noise\defense_report.json;D:\毕业设计毕业设计毕业设计毕业设计\Projects\iot_privacy_attack\data\processed\real_public_benchmark\kasteren\seed_42\meta.json,193,903,194
0.20207253886010362,0.21243523316062177,0.20080677869139407,kasteren,0.010362694300518135,0.0011500862564692352,"(88,)",0.4995647374222633,noise,retrain_attacker,mlp,0.4991031832390984,54,0.34050880090111196,95.1219512195122,42,D:\毕业设计毕业设计毕业设计毕业设计\Projects\iot_privacy_attack\outputs\defense\real_public_benchmark\kasteren\seed_42\noise\json_reports\mlp_baseline_confusion_test.json;D:\毕业设计毕业设计毕业设计毕业设计\Projects\iot_privacy_attack\outputs\defense\real_public_benchmark\kasteren\seed_42\noise\json_reports\mlp_defended_confusion_test_retrained_attacker.json;D:\毕业设计毕业设计毕业设计毕业设计\Projects\iot_privacy_attack\outputs\defense\real_public_benchmark\kasteren\seed_42\noise\defense_report.json;D:\毕业设计毕业设计毕业设计毕业设计\Projects\iot_privacy_attack\data\processed\real_public_benchmark\kasteren\seed_42\meta.json,193,903,194
0.3160621761658031,0.3626943005181347,0.30065329693812665,kasteren,0.046632124352331605,0.036172161172161175,"(30, 14)",0.2410784214080203,adaptive_ldp,fixed_attacker,lstm,0.2148091916906182,54,0.4485420250207629,87.14285714285714,123,D:\毕业设计毕业设计毕业设计毕业设计\Projects\iot_privacy_attack\outputs\defense\real_public_benchmark\kasteren\seed_123\adaptive_ldp\json_reports\lstm_baseline_confusion_test.json;D:\毕业设计毕业设计毕业设计毕业设计\Projects\iot_privacy_attack\outputs\defense\real_public_benchmark\kasteren\seed_123\adaptive_ldp\json_reports\lstm_defended_confusion_test_fixed_attacker.json;D:\毕业设计毕业设计毕业设计毕业设计\Projects\iot_privacy_attack\outputs\defense\real_public_benchmark\kasteren\seed_123\adaptive_ldp\defense_report.json;D:\毕业设计毕业设计毕业设计毕业设计\Projects\iot_privacy_attack\data\processed\real_public_benchmark\kasteren\seed_123\meta.json,193,903,194
0.26424870466321243,0.3626943005181347,0.30065329693812665,kasteren,0.09844559585492228,0.0332157357892652,"(30, 14)",0.2410784214080203,adaptive_ldp,retrain_attacker,lstm,0.2148091916906182,54,0.4485420250207629,72.85714285714285,123,D:\毕业设计毕业设计毕业设计毕业设计\Projects\iot_privacy_attack\outputs\defense\real_public_benchmark\kasteren\seed_123\adaptive_ldp\json_reports\lstm_baseline_confusion_test.json;D:\毕业设计毕业设计毕业设计毕业设计\Projects\iot_privacy_attack\outputs\defense\real_public_benchmark\kasteren\seed_123\adaptive_ldp\json_reports\lstm_defended_confusion_test_retrained_attacker.json;D:\毕业设计毕业设计毕业设计毕业设计\Projects\iot_privacy_attack\outputs\defense\real_public_benchmark\kasteren\seed_123\adaptive_ldp\defense_report.json;D:\毕业设计毕业设计毕业设计毕业设计\Projects\iot_privacy_attack\data\processed\real_public_benchmark\kasteren\seed_123\meta.json,193,903,194
0.34196891191709844,0.3626943005181347,0.30065329693812665,kasteren,0.02072538860103627,0.022679093567251462,"(30, 14)",0.5207924264973716,ldp,fixed_attacker,lstm,1.0121388318546463,54,0.1966522490560927,94.28571428571428,123,D:\毕业设计毕业设计毕业设计毕业设计\Projects\iot_privacy_attack\outputs\defense\real_public_benchmark\kasteren\seed_123\ldp\json_reports\lstm_baseline_confusion_test.json;D:\毕业设计毕业设计毕业设计毕业设计\Projects\iot_privacy_attack\outputs\defense\real_public_benchmark\kasteren\seed_123\ldp\json_reports\lstm_defended_confusion_test_fixed_attacker.json;D:\毕业设计毕业设计毕业设计毕业设计\Projects\iot_privacy_attack\outputs\defense\real_public_benchmark\kasteren\seed_123\ldp\defense_report.json;D:\毕业设计毕业设计毕业设计毕业设计\Projects\iot_privacy_attack\data\processed\real_public_benchmark\kasteren\seed_123\meta.json,193,903,194
0.3316062176165803,0.3626943005181347,0.30065329693812665,kasteren,0.031088082901554404,0.015353442513368983,"(30, 14)",0.5207924264973716,ldp,retrain_attacker,lstm,1.0121388318546463,54,0.1966522490560927,91.42857142857143,123,D:\毕业设计毕业设计毕业设计毕业设计\Projects\iot_privacy_attack\outputs\defense\real_public_benchmark\kasteren\seed_123\ldp\json_reports\lstm_baseline_confusion_test.json;D:\毕业设计毕业设计毕业设计毕业设计\Projects\iot_privacy_attack\outputs\defense\real_public_benchmark\kasteren\seed_123\ldp\json_reports\lstm_defended_confusion_test_retrained_attacker.json;D:\毕业设计毕业设计毕业设计毕业设计\Projects\iot_privacy_attack\outputs\defense\real_public_benchmark\kasteren\seed_123\ldp\defense_report.json;D:\毕业设计毕业设计毕业设计毕业设计\Projects\iot_privacy_attack\data\processed\real_public_benchmark\kasteren\seed_123\meta.json,193,903,194
0.2538860103626943,0.3626943005181347,0.30065329693812665,kasteren,0.10880829015544041,0.09402087923175605,"(30, 14)",0.4980791589528379,noise,fixed_attacker,lstm,0.4957203885891923,54,0.3433903123199384,70.0,123,D:\毕业设计毕业设计毕业设计毕业设计\Projects\iot_privacy_attack\outputs\defense\real_public_benchmark\kasteren\seed_123\noise\json_reports\lstm_baseline_confusion_test.json;D:\毕业设计毕业设计毕业设计毕业设计\Projects\iot_privacy_attack\outputs\defense\real_public_benchmark\kasteren\seed_123\noise\json_reports\lstm_defended_confusion_test_fixed_attacker.json;D:\毕业设计毕业设计毕业设计毕业设计\Projects\iot_privacy_attack\outputs\defense\real_public_benchmark\kasteren\seed_123\noise\defense_report.json;D:\毕业设计毕业设计毕业设计毕业设计\Projects\iot_privacy_attack\data\processed\real_public_benchmark\kasteren\seed_123\meta.json,193,903,194
0.29533678756476683,0.3626943005181347,0.30065329693812665,kasteren,0.06735751295336788,0.038659256366023284,"(30, 14)",0.4980791589528379,noise,retrain_attacker,lstm,0.4957203885891923,54,0.3433903123199384,81.42857142857143,123,D:\毕业设计毕业设计毕业设计毕业设计\Projects\iot_privacy_attack\outputs\defense\real_public_benchmark\kasteren\seed_123\noise\json_reports\lstm_baseline_confusion_test.json;D:\毕业设计毕业设计毕业设计毕业设计\Projects\iot_privacy_attack\outputs\defense\real_public_benchmark\kasteren\seed_123\noise\json_reports\lstm_defended_confusion_test_retrained_attacker.json;D:\毕业设计毕业设计毕业设计毕业设计\Projects\iot_privacy_attack\outputs\defense\real_public_benchmark\kasteren\seed_123\noise\defense_report.json;D:\毕业设计毕业设计毕业设计毕业设计\Projects\iot_privacy_attack\data\processed\real_public_benchmark\kasteren\seed_123\meta.json,193,903,194
0.16580310880829013,0.17616580310880828,0.14627317127317127,kasteren,0.010362694300518135,0.008981693363844395,"(88,)",0.2410784214080203,adaptive_ldp,fixed_attacker,mlp,0.2148091916906182,54,0.4485420250207629,94.11764705882352,123,D:\毕业设计毕业设计毕业设计毕业设计\Projects\iot_privacy_attack\outputs\defense\real_public_benchmark\kasteren\seed_123\adaptive_ldp\json_reports\mlp_baseline_confusion_test.json;D:\毕业设计毕业设计毕业设计毕业设计\Projects\iot_privacy_attack\outputs\defense\real_public_benchmark\kasteren\seed_123\adaptive_ldp\json_reports\mlp_defended_confusion_test_fixed_attacker.json;D:\毕业设计毕业设计毕业设计毕业设计\Projects\iot_privacy_attack\outputs\defense\real_public_benchmark\kasteren\seed_123\adaptive_ldp\defense_report.json;D:\毕业设计毕业设计毕业设计毕业设计\Projects\iot_privacy_attack\data\processed\real_public_benchmark\kasteren\seed_123\meta.json,193,903,194
0.12953367875647667,0.17616580310880828,0.14627317127317127,kasteren,0.046632124352331605,0.004136526590441441,"(88,)",0.2410784214080203,adaptive_ldp,retrain_attacker,mlp,0.2148091916906182,54,0.4485420250207629,73.52941176470587,123,D:\毕业设计毕业设计毕业设计毕业设计\Projects\iot_privacy_attack\outputs\defense\real_public_benchmark\kasteren\seed_123\adaptive_ldp\json_reports\mlp_baseline_confusion_test.json;D:\毕业设计毕业设计毕业设计毕业设计\Projects\iot_privacy_attack\outputs\defense\real_public_benchmark\kasteren\seed_123\adaptive_ldp\json_reports\mlp_defended_confusion_test_retrained_attacker.json;D:\毕业设计毕业设计毕业设计毕业设计\Projects\iot_privacy_attack\outputs\defense\real_public_benchmark\kasteren\seed_123\adaptive_ldp\defense_report.json;D:\毕业设计毕业设计毕业设计毕业设计\Projects\iot_privacy_attack\data\processed\real_public_benchmark\kasteren\seed_123\meta.json,193,903,194
0.16580310880829013,0.17616580310880828,0.14627317127317127,kasteren,0.010362694300518135,0.0010195118890771065,"(88,)",0.5207924264973716,ldp,fixed_attacker,mlp,1.0121388318546463,54,0.1966522490560927,94.11764705882352,123,D:\毕业设计毕业设计毕业设计毕业设计\Projects\iot_privacy_attack\outputs\defense\real_public_benchmark\kasteren\seed_123\ldp\json_reports\mlp_baseline_confusion_test.json;D:\毕业设计毕业设计毕业设计毕业设计\Projects\iot_privacy_attack\outputs\defense\real_public_benchmark\kasteren\seed_123\ldp\json_reports\mlp_defended_confusion_test_fixed_attacker.json;D:\毕业设计毕业设计毕业设计毕业设计\Projects\iot_privacy_attack\outputs\defense\real_public_benchmark\kasteren\seed_123\ldp\defense_report.json;D:\毕业设计毕业设计毕业设计毕业设计\Projects\iot_privacy_attack\data\processed\real_public_benchmark\kasteren\seed_123\meta.json,193,903,194
0.17098445595854922,0.17616580310880828,0.14627317127317127,kasteren,0.0051813471502590676,0.00022411474675033616,"(88,)",0.5207924264973716,ldp,retrain_attacker,mlp,1.0121388318546463,54,0.1966522490560927,97.05882352941177,123,D:\毕业设计毕业设计毕业设计毕业设计\Projects\iot_privacy_attack\outputs\defense\real_public_benchmark\kasteren\seed_123\ldp\json_reports\mlp_baseline_confusion_test.json;D:\毕业设计毕业设计毕业设计毕业设计\Projects\iot_privacy_attack\outputs\defense\real_public_benchmark\kasteren\seed_123\ldp\json_reports\mlp_defended_confusion_test_retrained_attacker.json;D:\毕业设计毕业设计毕业设计毕业设计\Projects\iot_privacy_attack\outputs\defense\real_public_benchmark\kasteren\seed_123\ldp\defense_report.json;D:\毕业设计毕业设计毕业设计毕业设计\Projects\iot_privacy_attack\data\processed\real_public_benchmark\kasteren\seed_123\meta.json,193,903,194
0.16062176165803108,0.17616580310880828,0.14627317127317127,kasteren,0.015544041450777202,0.0006901311249137336,"(88,)",0.4980791589528379,noise,fixed_attacker,mlp,0.4957203885891923,54,0.3433903123199384,91.17647058823529,123,D:\毕业设计毕业设计毕业设计毕业设计\Projects\iot_privacy_attack\outputs\defense\real_public_benchmark\kasteren\seed_123\noise\json_reports\mlp_baseline_confusion_test.json;D:\毕业设计毕业设计毕业设计毕业设计\Projects\iot_privacy_attack\outputs\defense\real_public_benchmark\kasteren\seed_123\noise\json_reports\mlp_defended_confusion_test_fixed_attacker.json;D:\毕业设计毕业设计毕业设计毕业设计\Projects\iot_privacy_attack\outputs\defense\real_public_benchmark\kasteren\seed_123\noise\defense_report.json;D:\毕业设计毕业设计毕业设计毕业设计\Projects\iot_privacy_attack\data\processed\real_public_benchmark\kasteren\seed_123\meta.json,193,903,194
0.15544041450777202,0.17616580310880828,0.14627317127317127,kasteren,0.02072538860103627,0.002891189061401828,"(88,)",0.4980791589528379,noise,retrain_attacker,mlp,0.4957203885891923,54,0.3433903123199384,88.23529411764707,123,D:\毕业设计毕业设计毕业设计毕业设计\Projects\iot_privacy_attack\outputs\defense\real_public_benchmark\kasteren\seed_123\noise\json_reports\mlp_baseline_confusion_test.json;D:\毕业设计毕业设计毕业设计毕业设计\Projects\iot_privacy_attack\outputs\defense\real_public_benchmark\kasteren\seed_123\noise\json_reports\mlp_defended_confusion_test_retrained_attacker.json;D:\毕业设计毕业设计毕业设计毕业设计\Projects\iot_privacy_attack\outputs\defense\real_public_benchmark\kasteren\seed_123\noise\defense_report.json;D:\毕业设计毕业设计毕业设计毕业设计\Projects\iot_privacy_attack\data\processed\real_public_benchmark\kasteren\seed_123\meta.json,193,903,194
0.22279792746113986,0.29015544041450775,0.2285667956291526,kasteren,0.06735751295336788,0.0688656207524132,"(30, 14)",0.24091653934391316,adaptive_ldp,fixed_attacker,lstm,0.21587583420191842,54,0.4490269356766964,76.78571428571428,2026,D:\毕业设计毕业设计毕业设计毕业设计\Projects\iot_privacy_attack\outputs\defense\real_public_benchmark\kasteren\seed_2026\adaptive_ldp\json_reports\lstm_baseline_confusion_test.json;D:\毕业设计毕业设计毕业设计毕业设计\Projects\iot_privacy_attack\outputs\defense\real_public_benchmark\kasteren\seed_2026\adaptive_ldp\json_reports\lstm_defended_confusion_test_fixed_attacker.json;D:\毕业设计毕业设计毕业设计毕业设计\Projects\iot_privacy_attack\outputs\defense\real_public_benchmark\kasteren\seed_2026\adaptive_ldp\defense_report.json;D:\毕业设计毕业设计毕业设计毕业设计\Projects\iot_privacy_attack\data\processed\real_public_benchmark\kasteren\seed_2026\meta.json,193,903,194
0.20725388601036265,0.29015544041450775,0.2285667956291526,kasteren,0.08290155440414508,0.05519245711553404,"(30, 14)",0.24091653934391316,adaptive_ldp,retrain_attacker,lstm,0.21587583420191842,54,0.4490269356766964,71.42857142857142,2026,D:\毕业设计毕业设计毕业设计毕业设计\Projects\iot_privacy_attack\outputs\defense\real_public_benchmark\kasteren\seed_2026\adaptive_ldp\json_reports\lstm_baseline_confusion_test.json;D:\毕业设计毕业设计毕业设计毕业设计\Projects\iot_privacy_attack\outputs\defense\real_public_benchmark\kasteren\seed_2026\adaptive_ldp\json_reports\lstm_defended_confusion_test_retrained_attacker.json;D:\毕业设计毕业设计毕业设计毕业设计\Projects\iot_privacy_attack\outputs\defense\real_public_benchmark\kasteren\seed_2026\adaptive_ldp\defense_report.json;D:\毕业设计毕业设计毕业设计毕业设计\Projects\iot_privacy_attack\data\processed\real_public_benchmark\kasteren\seed_2026\meta.json,193,903,194
0.25906735751295334,0.29015544041450775,0.2285667956291526,kasteren,0.031088082901554404,0.025082899556583767,"(30, 14)",0.5208793572052747,ldp,fixed_attacker,lstm,1.0175500854291812,54,0.19259877927889263,89.28571428571429,2026,D:\毕业设计毕业设计毕业设计毕业设计\Projects\iot_privacy_attack\outputs\defense\real_public_benchmark\kasteren\seed_2026\ldp\json_reports\lstm_baseline_confusion_test.json;D:\毕业设计毕业设计毕业设计毕业设计\Projects\iot_privacy_attack\outputs\defense\real_public_benchmark\kasteren\seed_2026\ldp\json_reports\lstm_defended_confusion_test_fixed_attacker.json;D:\毕业设计毕业设计毕业设计毕业设计\Projects\iot_privacy_attack\outputs\defense\real_public_benchmark\kasteren\seed_2026\ldp\defense_report.json;D:\毕业设计毕业设计毕业设计毕业设计\Projects\iot_privacy_attack\data\processed\real_public_benchmark\kasteren\seed_2026\meta.json,193,903,194
0.26943005181347146,0.29015544041450775,0.2285667956291526,kasteren,0.02072538860103627,0.007213309566250743,"(30, 14)",0.5208793572052747,ldp,retrain_attacker,lstm,1.0175500854291812,54,0.19259877927889263,92.85714285714285,2026,D:\毕业设计毕业设计毕业设计毕业设计\Projects\iot_privacy_attack\outputs\defense\real_public_benchmark\kasteren\seed_2026\ldp\json_reports\lstm_baseline_confusion_test.json;D:\毕业设计毕业设计毕业设计毕业设计\Projects\iot_privacy_attack\outputs\defense\real_public_benchmark\kasteren\seed_2026\ldp\json_reports\lstm_defended_confusion_test_retrained_attacker.json;D:\毕业设计毕业设计毕业设计毕业设计\Projects\iot_privacy_attack\outputs\defense\real_public_benchmark\kasteren\seed_2026\ldp\defense_report.json;D:\毕业设计毕业设计毕业设计毕业设计\Projects\iot_privacy_attack\data\processed\real_public_benchmark\kasteren\seed_2026\meta.json,193,903,194
0.20725388601036265,0.29015544041450775,0.2285667956291526,kasteren,0.08290155440414508,0.05276294218601911,"(30, 14)",0.5002067747473916,noise,fixed_attacker,lstm,0.5006261283427053,54,0.34292822306296156,71.42857142857142,2026,D:\毕业设计毕业设计毕业设计毕业设计\Projects\iot_privacy_attack\outputs\defense\real_public_benchmark\kasteren\seed_2026\noise\json_reports\lstm_baseline_confusion_test.json;D:\毕业设计毕业设计毕业设计毕业设计\Projects\iot_privacy_attack\outputs\defense\real_public_benchmark\kasteren\seed_2026\noise\json_reports\lstm_defended_confusion_test_fixed_attacker.json;D:\毕业设计毕业设计毕业设计毕业设计\Projects\iot_privacy_attack\outputs\defense\real_public_benchmark\kasteren\seed_2026\noise\defense_report.json;D:\毕业设计毕业设计毕业设计毕业设计\Projects\iot_privacy_attack\data\processed\real_public_benchmark\kasteren\seed_2026\meta.json,193,903,194
0.25388601036269426,0.29015544041450775,0.2285667956291526,kasteren,0.03626943005181347,0.01586813186813187,"(30, 14)",0.5002067747473916,noise,retrain_attacker,lstm,0.5006261283427053,54,0.34292822306296156,87.49999999999999,2026,D:\毕业设计毕业设计毕业设计毕业设计\Projects\iot_privacy_attack\outputs\defense\real_public_benchmark\kasteren\seed_2026\noise\json_reports\lstm_baseline_confusion_test.json;D:\毕业设计毕业设计毕业设计毕业设计\Projects\iot_privacy_attack\outputs\defense\real_public_benchmark\kasteren\seed_2026\noise\json_reports\lstm_defended_confusion_test_retrained_attacker.json;D:\毕业设计毕业设计毕业设计毕业设计\Projects\iot_privacy_attack\outputs\defense\real_public_benchmark\kasteren\seed_2026\noise\defense_report.json;D:\毕业设计毕业设计毕业设计毕业设计\Projects\iot_privacy_attack\data\processed\real_public_benchmark\kasteren\seed_2026\meta.json,193,903,194
0.10362694300518135,0.15025906735751296,0.10283079877009328,kasteren,0.046632124352331605,0.005775089605734768,"(88,)",0.24091653934391316,adaptive_ldp,fixed_attacker,mlp,0.21587583420191842,54,0.4490269356766964,68.96551724137932,2026,D:\毕业设计毕业设计毕业设计毕业设计\Projects\iot_privacy_attack\outputs\defense\real_public_benchmark\kasteren\seed_2026\adaptive_ldp\json_reports\mlp_baseline_confusion_test.json;D:\毕业设计毕业设计毕业设计毕业设计\Projects\iot_privacy_attack\outputs\defense\real_public_benchmark\kasteren\seed_2026\adaptive_ldp\json_reports\mlp_defended_confusion_test_fixed_attacker.json;D:\毕业设计毕业设计毕业设计毕业设计\Projects\iot_privacy_attack\outputs\defense\real_public_benchmark\kasteren\seed_2026\adaptive_ldp\defense_report.json;D:\毕业设计毕业设计毕业设计毕业设计\Projects\iot_privacy_attack\data\processed\real_public_benchmark\kasteren\seed_2026\meta.json,193,903,194
0.10880829015544041,0.15025906735751296,0.10283079877009328,kasteren,0.04145077720207254,0.00305977229601518,"(88,)",0.24091653934391316,adaptive_ldp,retrain_attacker,mlp,0.21587583420191842,54,0.4490269356766964,72.41379310344827,2026,D:\毕业设计毕业设计毕业设计毕业设计\Projects\iot_privacy_attack\outputs\defense\real_public_benchmark\kasteren\seed_2026\adaptive_ldp\json_reports\mlp_baseline_confusion_test.json;D:\毕业设计毕业设计毕业设计毕业设计\Projects\iot_privacy_attack\outputs\defense\real_public_benchmark\kasteren\seed_2026\adaptive_ldp\json_reports\mlp_defended_confusion_test_retrained_attacker.json;D:\毕业设计毕业设计毕业设计毕业设计\Projects\iot_privacy_attack\outputs\defense\real_public_benchmark\kasteren\seed_2026\adaptive_ldp\defense_report.json;D:\毕业设计毕业设计毕业设计毕业设计\Projects\iot_privacy_attack\data\processed\real_public_benchmark\kasteren\seed_2026\meta.json,193,903,194
0.13471502590673576,0.15025906735751296,0.10283079877009328,kasteren,0.015544041450777202,0.0037157287157287156,"(88,)",0.5208793572052747,ldp,fixed_attacker,mlp,1.0175500854291812,54,0.19259877927889263,89.65517241379311,2026,D:\毕业设计毕业设计毕业设计毕业设计\Projects\iot_privacy_attack\outputs\defense\real_public_benchmark\kasteren\seed_2026\ldp\json_reports\mlp_baseline_confusion_test.json;D:\毕业设计毕业设计毕业设计毕业设计\Projects\iot_privacy_attack\outputs\defense\real_public_benchmark\kasteren\seed_2026\ldp\json_reports\mlp_defended_confusion_test_fixed_attacker.json;D:\毕业设计毕业设计毕业设计毕业设计\Projects\iot_privacy_attack\outputs\defense\real_public_benchmark\kasteren\seed_2026\ldp\defense_report.json;D:\毕业设计毕业设计毕业设计毕业设计\Projects\iot_privacy_attack\data\processed\real_public_benchmark\kasteren\seed_2026\meta.json,193,903,194
0.08808290155440415,0.15025906735751296,0.10283079877009328,kasteren,0.06217616580310881,0.0024390243902439024,"(88,)",0.5208793572052747,ldp,retrain_attacker,mlp,1.0175500854291812,54,0.19259877927889263,58.62068965517242,2026,D:\毕业设计毕业设计毕业设计毕业设计\Projects\iot_privacy_attack\outputs\defense\real_public_benchmark\kasteren\seed_2026\ldp\json_reports\mlp_baseline_confusion_test.json;D:\毕业设计毕业设计毕业设计毕业设计\Projects\iot_privacy_attack\outputs\defense\real_public_benchmark\kasteren\seed_2026\ldp\json_reports\mlp_defended_confusion_test_retrained_attacker.json;D:\毕业设计毕业设计毕业设计毕业设计\Projects\iot_privacy_attack\outputs\defense\real_public_benchmark\kasteren\seed_2026\ldp\defense_report.json;D:\毕业设计毕业设计毕业设计毕业设计\Projects\iot_privacy_attack\data\processed\real_public_benchmark\kasteren\seed_2026\meta.json,193,903,194
0.09326424870466321,0.15025906735751296,0.10283079877009328,kasteren,0.05699481865284974,0.003750742721330957,"(88,)",0.5002067747473916,noise,fixed_attacker,mlp,0.5006261283427053,54,0.34292822306296156,62.06896551724137,2026,D:\毕业设计毕业设计毕业设计毕业设计\Projects\iot_privacy_attack\outputs\defense\real_public_benchmark\kasteren\seed_2026\noise\json_reports\mlp_baseline_confusion_test.json;D:\毕业设计毕业设计毕业设计毕业设计\Projects\iot_privacy_attack\outputs\defense\real_public_benchmark\kasteren\seed_2026\noise\json_reports\mlp_defended_confusion_test_fixed_attacker.json;D:\毕业设计毕业设计毕业设计毕业设计\Projects\iot_privacy_attack\outputs\defense\real_public_benchmark\kasteren\seed_2026\noise\defense_report.json;D:\毕业设计毕业设计毕业设计毕业设计\Projects\iot_privacy_attack\data\processed\real_public_benchmark\kasteren\seed_2026\meta.json,193,903,194
0.13989637305699482,0.15025906735751296,0.10283079877009328,kasteren,0.010362694300518135,0.0011574074074074073,"(88,)",0.5002067747473916,noise,retrain_attacker,mlp,0.5006261283427053,54,0.34292822306296156,93.10344827586206,2026,D:\毕业设计毕业设计毕业设计毕业设计\Projects\iot_privacy_attack\outputs\defense\real_public_benchmark\kasteren\seed_2026\noise\json_reports\mlp_baseline_confusion_test.json;D:\毕业设计毕业设计毕业设计毕业设计\Projects\iot_privacy_attack\outputs\defense\real_public_benchmark\kasteren\seed_2026\noise\json_reports\mlp_defended_confusion_test_retrained_attacker.json;D:\毕业设计毕业设计毕业设计毕业设计\Projects\iot_privacy_attack\outputs\defense\real_public_benchmark\kasteren\seed_2026\noise\defense_report.json;D:\毕业设计毕业设计毕业设计毕业设计\Projects\iot_privacy_attack\data\processed\real_public_benchmark\kasteren\seed_2026\meta.json,193,903,194
0.6396335256192739,0.836443841194435,0.8326391825508349,uci_har,0.19681031557516118,0.082514176974594,"(128, 9)",0.39126366903102044,adaptive_ldp,fixed_attacker,lstm,0.71507654144235,6,0.3101393509287957,76.47058823529413,42,D:\毕业设计毕业设计毕业设计毕业设计\Projects\iot_privacy_attack\outputs\defense\real_public_benchmark\uci_har\seed_42\adaptive_ldp\json_reports\lstm_baseline_confusion_test.json;D:\毕业设计毕业设计毕业设计毕业设计\Projects\iot_privacy_attack\outputs\defense\real_public_benchmark\uci_har\seed_42\adaptive_ldp\json_reports\lstm_defended_confusion_test_fixed_attacker.json;D:\毕业设计毕业设计毕业设计毕业设计\Projects\iot_privacy_attack\outputs\defense\real_public_benchmark\uci_har\seed_42\adaptive_ldp\defense_report.json;D:\毕业设计毕业设计毕业设计毕业设计\Projects\iot_privacy_attack\data\processed\real_public_benchmark\uci_har\seed_42\meta.json,2947,5881,1471
0.22565320665083133,0.836443841194435,0.8326391825508349,uci_har,0.6107906345436037,0.5489227633253686,"(128, 9)",0.39126366903102044,adaptive_ldp,retrain_attacker,lstm,0.71507654144235,6,0.3101393509287957,26.977687626774845,42,D:\毕业设计毕业设计毕业设计毕业设计\Projects\iot_privacy_attack\outputs\defense\real_public_benchmark\uci_har\seed_42\adaptive_ldp\json_reports\lstm_baseline_confusion_test.json;D:\毕业设计毕业设计毕业设计毕业设计\Projects\iot_privacy_attack\outputs\defense\real_public_benchmark\uci_har\seed_42\adaptive_ldp\json_reports\lstm_defended_confusion_test_retrained_attacker.json;D:\毕业设计毕业设计毕业设计毕业设计\Projects\iot_privacy_attack\outputs\defense\real_public_benchmark\uci_har\seed_42\adaptive_ldp\defense_report.json;D:\毕业设计毕业设计毕业设计毕业设计\Projects\iot_privacy_attack\data\processed\real_public_benchmark\uci_har\seed_42\meta.json,2947,5881,1471
0.6542246352222599,0.836443841194435,0.8326391825508349,uci_har,0.18221920597217509,0.051451566542109806,"(128, 9)",0.6019449754957229,ldp,fixed_attacker,lstm,1.0605381086205128,6,0.2601775961557201,78.21501014198783,42,D:\毕业设计毕业设计毕业设计毕业设计\Projects\iot_privacy_attack\outputs\defense\real_public_benchmark\uci_har\seed_42\ldp\json_reports\lstm_baseline_confusion_test.json;D:\毕业设计毕业设计毕业设计毕业设计\Projects\iot_privacy_attack\outputs\defense\real_public_benchmark\uci_har\seed_42\ldp\json_reports\lstm_defended_confusion_test_fixed_attacker.json;D:\毕业设计毕业设计毕业设计毕业设计\Projects\iot_privacy_attack\outputs\defense\real_public_benchmark\uci_har\seed_42\ldp\defense_report.json;D:\毕业设计毕业设计毕业设计毕业设计\Projects\iot_privacy_attack\data\processed\real_public_benchmark\uci_har\seed_42\meta.json,2947,5881,1471
0.4621649134713268,0.836443841194435,0.8326391825508349,uci_har,0.3742789277231082,0.2827041048279435,"(128, 9)",0.6019449754957229,ldp,retrain_attacker,lstm,1.0605381086205128,6,0.2601775961557201,55.25354969574037,42,D:\毕业设计毕业设计毕业设计毕业设计\Projects\iot_privacy_attack\outputs\defense\real_public_benchmark\uci_har\seed_42\ldp\json_reports\lstm_baseline_confusion_test.json;D:\毕业设计毕业设计毕业设计毕业设计\Projects\iot_privacy_attack\outputs\defense\real_public_benchmark\uci_har\seed_42\ldp\json_reports\lstm_defended_confusion_test_retrained_attacker.json;D:\毕业设计毕业设计毕业设计毕业设计\Projects\iot_privacy_attack\outputs\defense\real_public_benchmark\uci_har\seed_42\ldp\defense_report.json;D:\毕业设计毕业设计毕业设计毕业设计\Projects\iot_privacy_attack\data\processed\real_public_benchmark\uci_har\seed_42\meta.json,2947,5881,1471
0.4122836783169325,0.836443841194435,0.8326391825508349,uci_har,0.4241601628775025,0.36904399627404344,"(128, 9)",0.5000535215727714,noise,fixed_attacker,lstm,0.5001426135508552,6,0.492560356051882,49.29006085192698,42,D:\毕业设计毕业设计毕业设计毕业设计\Projects\iot_privacy_attack\outputs\defense\real_public_benchmark\uci_har\seed_42\noise\json_reports\lstm_baseline_confusion_test.json;D:\毕业设计毕业设计毕业设计毕业设计\Projects\iot_privacy_attack\outputs\defense\real_public_benchmark\uci_har\seed_42\noise\json_reports\lstm_defended_confusion_test_fixed_attacker.json;D:\毕业设计毕业设计毕业设计毕业设计\Projects\iot_privacy_attack\outputs\defense\real_public_benchmark\uci_har\seed_42\noise\defense_report.json;D:\毕业设计毕业设计毕业设计毕业设计\Projects\iot_privacy_attack\data\processed\real_public_benchmark\uci_har\seed_42\meta.json,2947,5881,1471
0.25924669155072955,0.836443841194435,0.8326391825508349,uci_har,0.5771971496437055,0.5128280213588136,"(128, 9)",0.5000535215727714,noise,retrain_attacker,lstm,0.5001426135508552,6,0.492560356051882,30.993914807302232,42,D:\毕业设计毕业设计毕业设计毕业设计\Projects\iot_privacy_attack\outputs\defense\real_public_benchmark\uci_har\seed_42\noise\json_reports\lstm_baseline_confusion_test.json;D:\毕业设计毕业设计毕业设计毕业设计\Projects\iot_privacy_attack\outputs\defense\real_public_benchmark\uci_har\seed_42\noise\json_reports\lstm_defended_confusion_test_retrained_attacker.json;D:\毕业设计毕业设计毕业设计毕业设计\Projects\iot_privacy_attack\outputs\defense\real_public_benchmark\uci_har\seed_42\noise\defense_report.json;D:\毕业设计毕业设计毕业设计毕业设计\Projects\iot_privacy_attack\data\processed\real_public_benchmark\uci_har\seed_42\meta.json,2947,5881,1471
0.5120461486257211,0.7974211062097047,0.7908078181634011,uci_har,0.28537495758398373,0.2025814756439499,"(58,)",0.39126366903102044,adaptive_ldp,fixed_attacker,mlp,0.71507654144235,6,0.3101393509287957,64.21276595744682,42,D:\毕业设计毕业设计毕业设计毕业设计\Projects\iot_privacy_attack\outputs\defense\real_public_benchmark\uci_har\seed_42\adaptive_ldp\json_reports\mlp_baseline_confusion_test.json;D:\毕业设计毕业设计毕业设计毕业设计\Projects\iot_privacy_attack\outputs\defense\real_public_benchmark\uci_har\seed_42\adaptive_ldp\json_reports\mlp_defended_confusion_test_fixed_attacker.json;D:\毕业设计毕业设计毕业设计毕业设计\Projects\iot_privacy_attack\outputs\defense\real_public_benchmark\uci_har\seed_42\adaptive_ldp\defense_report.json;D:\毕业设计毕业设计毕业设计毕业设计\Projects\iot_privacy_attack\data\processed\real_public_benchmark\uci_har\seed_42\meta.json,2947,5881,1471
0.0824567356633864,0.7974211062097047,0.7908078181634011,uci_har,0.7149643705463183,0.7029087659716732,"(58,)",0.39126366903102044,adaptive_ldp,retrain_attacker,mlp,0.71507654144235,6,0.3101393509287957,10.340425531914883,42,D:\毕业设计毕业设计毕业设计毕业设计\Projects\iot_privacy_attack\outputs\defense\real_public_benchmark\uci_har\seed_42\adaptive_ldp\json_reports\mlp_baseline_confusion_test.json;D:\毕业设计毕业设计毕业设计毕业设计\Projects\iot_privacy_attack\outputs\defense\real_public_benchmark\uci_har\seed_42\adaptive_ldp\json_reports\mlp_defended_confusion_test_retrained_attacker.json;D:\毕业设计毕业设计毕业设计毕业设计\Projects\iot_privacy_attack\outputs\defense\real_public_benchmark\uci_har\seed_42\adaptive_ldp\defense_report.json;D:\毕业设计毕业设计毕业设计毕业设计\Projects\iot_privacy_attack\data\processed\real_public_benchmark\uci_har\seed_42\meta.json,2947,5881,1471
0.6301323379708177,0.7974211062097047,0.7908078181634011,uci_har,0.167288768238887,0.05171504034533513,"(58,)",0.6019449754957229,ldp,fixed_attacker,mlp,1.0605381086205128,6,0.2601775961557201,79.02127659574467,42,D:\毕业设计毕业设计毕业设计毕业设计\Projects\iot_privacy_attack\outputs\defense\real_public_benchmark\uci_har\seed_42\ldp\json_reports\mlp_baseline_confusion_test.json;D:\毕业设计毕业设计毕业设计毕业设计\Projects\iot_privacy_attack\outputs\defense\real_public_benchmark\uci_har\seed_42\ldp\json_reports\mlp_defended_confusion_test_fixed_attacker.json;D:\毕业设计毕业设计毕业设计毕业设计\Projects\iot_privacy_attack\outputs\defense\real_public_benchmark\uci_har\seed_42\ldp\defense_report.json;D:\毕业设计毕业设计毕业设计毕业设计\Projects\iot_privacy_attack\data\processed\real_public_benchmark\uci_har\seed_42\meta.json,2947,5881,1471
0.21038344078724125,0.7974211062097047,0.7908078181634011,uci_har,0.5870376654224635,0.5685572213231781,"(58,)",0.6019449754957229,ldp,retrain_attacker,mlp,1.0605381086205128,6,0.2601775961557201,26.382978723404253,42,D:\毕业设计毕业设计毕业设计毕业设计\Projects\iot_privacy_attack\outputs\defense\real_public_benchmark\uci_har\seed_42\ldp\json_reports\mlp_baseline_confusion_test.json;D:\毕业设计毕业设计毕业设计毕业设计\Projects\iot_privacy_attack\outputs\defense\real_public_benchmark\uci_har\seed_42\ldp\json_reports\mlp_defended_confusion_test_retrained_attacker.json;D:\毕业设计毕业设计毕业设计毕业设计\Projects\iot_privacy_attack\outputs\defense\real_public_benchmark\uci_har\seed_42\ldp\defense_report.json;D:\毕业设计毕业设计毕业设计毕业设计\Projects\iot_privacy_attack\data\processed\real_public_benchmark\uci_har\seed_42\meta.json,2947,5881,1471
0.6287750254496097,0.7974211062097047,0.7908078181634011,uci_har,0.16864608076009502,0.08489257030226288,"(58,)",0.5000535215727714,noise,fixed_attacker,mlp,0.5001426135508552,6,0.492560356051882,78.85106382978722,42,D:\毕业设计毕业设计毕业设计毕业设计\Projects\iot_privacy_attack\outputs\defense\real_public_benchmark\uci_har\seed_42\noise\json_reports\mlp_baseline_confusion_test.json;D:\毕业设计毕业设计毕业设计毕业设计\Projects\iot_privacy_attack\outputs\defense\real_public_benchmark\uci_har\seed_42\noise\json_reports\mlp_defended_confusion_test_fixed_attacker.json;D:\毕业设计毕业设计毕业设计毕业设计\Projects\iot_privacy_attack\outputs\defense\real_public_benchmark\uci_har\seed_42\noise\defense_report.json;D:\毕业设计毕业设计毕业设计毕业设计\Projects\iot_privacy_attack\data\processed\real_public_benchmark\uci_har\seed_42\meta.json,2947,5881,1471
0.20020359687818112,0.7974211062097047,0.7908078181634011,uci_har,0.5972175093315236,0.5855676831572957,"(58,)",0.5000535215727714,noise,retrain_attacker,mlp,0.5001426135508552,6,0.492560356051882,25.106382978723396,42,D:\毕业设计毕业设计毕业设计毕业设计\Projects\iot_privacy_attack\outputs\defense\real_public_benchmark\uci_har\seed_42\noise\json_reports\mlp_baseline_confusion_test.json;D:\毕业设计毕业设计毕业设计毕业设计\Projects\iot_privacy_attack\outputs\defense\real_public_benchmark\uci_har\seed_42\noise\json_reports\mlp_defended_confusion_test_retrained_attacker.json;D:\毕业设计毕业设计毕业设计毕业设计\Projects\iot_privacy_attack\outputs\defense\real_public_benchmark\uci_har\seed_42\noise\defense_report.json;D:\毕业设计毕业设计毕业设计毕业设计\Projects\iot_privacy_attack\data\processed\real_public_benchmark\uci_har\seed_42\meta.json,2947,5881,1471
0.18018323719036305,0.668815744825246,0.6493991053976269,uci_har,0.4886325076348829,0.4553666060597477,"(128, 9)",0.3910964752653249,adaptive_ldp,fixed_attacker,lstm,0.7136159617124922,6,0.31015241198437543,26.94063926940639,123,D:\毕业设计毕业设计毕业设计毕业设计\Projects\iot_privacy_attack\outputs\defense\real_public_benchmark\uci_har\seed_123\adaptive_ldp\json_reports\lstm_baseline_confusion_test.json;D:\毕业设计毕业设计毕业设计毕业设计\Projects\iot_privacy_attack\outputs\defense\real_public_benchmark\uci_har\seed_123\adaptive_ldp\json_reports\lstm_defended_confusion_test_fixed_attacker.json;D:\毕业设计毕业设计毕业设计毕业设计\Projects\iot_privacy_attack\outputs\defense\real_public_benchmark\uci_har\seed_123\adaptive_ldp\defense_report.json;D:\毕业设计毕业设计毕业设计毕业设计\Projects\iot_privacy_attack\data\processed\real_public_benchmark\uci_har\seed_123\meta.json,2947,5881,1471
0.08449270444519852,0.668815744825246,0.6493991053976269,uci_har,0.5843230403800475,0.5204097523636332,"(128, 9)",0.3910964752653249,adaptive_ldp,retrain_attacker,lstm,0.7136159617124922,6,0.31015241198437543,12.633181126331813,123,D:\毕业设计毕业设计毕业设计毕业设计\Projects\iot_privacy_attack\outputs\defense\real_public_benchmark\uci_har\seed_123\adaptive_ldp\json_reports\lstm_baseline_confusion_test.json;D:\毕业设计毕业设计毕业设计毕业设计\Projects\iot_privacy_attack\outputs\defense\real_public_benchmark\uci_har\seed_123\adaptive_ldp\json_reports\lstm_defended_confusion_test_retrained_attacker.json;D:\毕业设计毕业设计毕业设计毕业设计\Projects\iot_privacy_attack\outputs\defense\real_public_benchmark\uci_har\seed_123\adaptive_ldp\defense_report.json;D:\毕业设计毕业设计毕业设计毕业设计\Projects\iot_privacy_attack\data\processed\real_public_benchmark\uci_har\seed_123\meta.json,2947,5881,1471
0.4879538513742789,0.668815744825246,0.6493991053976269,uci_har,0.1808618934509671,0.12400064473824403,"(128, 9)",0.6017431239198214,ldp,fixed_attacker,lstm,1.0596049569989907,6,0.2607824715201451,72.95788939624556,123,D:\毕业设计毕业设计毕业设计毕业设计\Projects\iot_privacy_attack\outputs\defense\real_public_benchmark\uci_har\seed_123\ldp\json_reports\lstm_baseline_confusion_test.json;D:\毕业设计毕业设计毕业设计毕业设计\Projects\iot_privacy_attack\outputs\defense\real_public_benchmark\uci_har\seed_123\ldp\json_reports\lstm_defended_confusion_test_fixed_attacker.json;D:\毕业设计毕业设计毕业设计毕业设计\Projects\iot_privacy_attack\outputs\defense\real_public_benchmark\uci_har\seed_123\ldp\defense_report.json;D:\毕业设计毕业设计毕业设计毕业设计\Projects\iot_privacy_attack\data\processed\real_public_benchmark\uci_har\seed_123\meta.json,2947,5881,1471
0.3199864268747879,0.668815744825246,0.6493991053976269,uci_har,0.3488293179504581,0.24506487610732094,"(128, 9)",0.6017431239198214,ldp,retrain_attacker,lstm,1.0596049569989907,6,0.2607824715201451,47.84373414510401,123,D:\毕业设计毕业设计毕业设计毕业设计\Projects\iot_privacy_attack\outputs\defense\real_public_benchmark\uci_har\seed_123\ldp\json_reports\lstm_baseline_confusion_test.json;D:\毕业设计毕业设计毕业设计毕业设计\Projects\iot_privacy_attack\outputs\defense\real_public_benchmark\uci_har\seed_123\ldp\json_reports\lstm_defended_confusion_test_retrained_attacker.json;D:\毕业设计毕业设计毕业设计毕业设计\Projects\iot_privacy_attack\outputs\defense\real_public_benchmark\uci_har\seed_123\ldp\defense_report.json;D:\毕业设计毕业设计毕业设计毕业设计\Projects\iot_privacy_attack\data\processed\real_public_benchmark\uci_har\seed_123\meta.json,2947,5881,1471
0.34068544282321,0.668815744825246,0.6493991053976269,uci_har,0.32813030200203597,0.28582783764887476,"(128, 9)",0.500030198002745,noise,fixed_attacker,lstm,0.4999640866775363,6,0.4924533650345407,50.93860984271943,123,D:\毕业设计毕业设计毕业设计毕业设计\Projects\iot_privacy_attack\outputs\defense\real_public_benchmark\uci_har\seed_123\noise\json_reports\lstm_baseline_confusion_test.json;D:\毕业设计毕业设计毕业设计毕业设计\Projects\iot_privacy_attack\outputs\defense\real_public_benchmark\uci_har\seed_123\noise\json_reports\lstm_defended_confusion_test_fixed_attacker.json;D:\毕业设计毕业设计毕业设计毕业设计\Projects\iot_privacy_attack\outputs\defense\real_public_benchmark\uci_har\seed_123\noise\defense_report.json;D:\毕业设计毕业设计毕业设计毕业设计\Projects\iot_privacy_attack\data\processed\real_public_benchmark\uci_har\seed_123\meta.json,2947,5881,1471
0.1567695961995249,0.668815744825246,0.6493991053976269,uci_har,0.5120461486257211,0.41084401132911647,"(128, 9)",0.500030198002745,noise,retrain_attacker,lstm,0.4999640866775363,6,0.4924533650345407,23.43987823439878,123,D:\毕业设计毕业设计毕业设计毕业设计\Projects\iot_privacy_attack\outputs\defense\real_public_benchmark\uci_har\seed_123\noise\json_reports\lstm_baseline_confusion_test.json;D:\毕业设计毕业设计毕业设计毕业设计\Projects\iot_privacy_attack\outputs\defense\real_public_benchmark\uci_har\seed_123\noise\json_reports\lstm_defended_confusion_test_retrained_attacker.json;D:\毕业设计毕业设计毕业设计毕业设计\Projects\iot_privacy_attack\outputs\defense\real_public_benchmark\uci_har\seed_123\noise\defense_report.json;D:\毕业设计毕业设计毕业设计毕业设计\Projects\iot_privacy_attack\data\processed\real_public_benchmark\uci_har\seed_123\meta.json,2947,5881,1471
0.5914489311163895,0.8157448252460129,0.8092316388515185,uci_har,0.22429589412962334,0.18106931599703305,"(58,)",0.3910964752653249,adaptive_ldp,fixed_attacker,mlp,0.7136159617124922,6,0.31015241198437543,72.50415973377704,123,D:\毕业设计毕业设计毕业设计毕业设计\Projects\iot_privacy_attack\outputs\defense\real_public_benchmark\uci_har\seed_123\adaptive_ldp\json_reports\mlp_baseline_confusion_test.json;D:\毕业设计毕业设计毕业设计毕业设计\Projects\iot_privacy_attack\outputs\defense\real_public_benchmark\uci_har\seed_123\adaptive_ldp\json_reports\mlp_defended_confusion_test_fixed_attacker.json;D:\毕业设计毕业设计毕业设计毕业设计\Projects\iot_privacy_attack\outputs\defense\real_public_benchmark\uci_har\seed_123\adaptive_ldp\defense_report.json;D:\毕业设计毕业设计毕业设计毕业设计\Projects\iot_privacy_attack\data\processed\real_public_benchmark\uci_har\seed_123\meta.json,2947,5881,1471
0.09840515778758063,0.8157448252460129,0.8092316388515185,uci_har,0.7173396674584323,0.703229780000474,"(58,)",0.3910964752653249,adaptive_ldp,retrain_attacker,mlp,0.7136159617124922,6,0.31015241198437543,12.063227953410987,123,D:\毕业设计毕业设计毕业设计毕业设计\Projects\iot_privacy_attack\outputs\defense\real_public_benchmark\uci_har\seed_123\adaptive_ldp\json_reports\mlp_baseline_confusion_test.json;D:\毕业设计毕业设计毕业设计毕业设计\Projects\iot_privacy_attack\outputs\defense\real_public_benchmark\uci_har\seed_123\adaptive_ldp\json_reports\mlp_defended_confusion_test_retrained_attacker.json;D:\毕业设计毕业设计毕业设计毕业设计\Projects\iot_privacy_attack\outputs\defense\real_public_benchmark\uci_har\seed_123\adaptive_ldp\defense_report.json;D:\毕业设计毕业设计毕业设计毕业设计\Projects\iot_privacy_attack\data\processed\real_public_benchmark\uci_har\seed_123\meta.json,2947,5881,1471
0.6491347132677299,0.8157448252460129,0.8092316388515185,uci_har,0.166610111978283,0.047632906480403574,"(58,)",0.6017431239198214,ldp,fixed_attacker,mlp,1.0596049569989907,6,0.2607824715201451,79.57570715474209,123,D:\毕业设计毕业设计毕业设计毕业设计\Projects\iot_privacy_attack\outputs\defense\real_public_benchmark\uci_har\seed_123\ldp\json_reports\mlp_baseline_confusion_test.json;D:\毕业设计毕业设计毕业设计毕业设计\Projects\iot_privacy_attack\outputs\defense\real_public_benchmark\uci_har\seed_123\ldp\json_reports\mlp_defended_confusion_test_fixed_attacker.json;D:\毕业设计毕业设计毕业设计毕业设计\Projects\iot_privacy_attack\outputs\defense\real_public_benchmark\uci_har\seed_123\ldp\defense_report.json;D:\毕业设计毕业设计毕业设计毕业设计\Projects\iot_privacy_attack\data\processed\real_public_benchmark\uci_har\seed_123\meta.json,2947,5881,1471
0.23210044112656936,0.8157448252460129,0.8092316388515185,uci_har,0.5836443841194435,0.5761759148336169,"(58,)",0.6017431239198214,ldp,retrain_attacker,mlp,1.0596049569989907,6,0.2607824715201451,28.45257903494176,123,D:\毕业设计毕业设计毕业设计毕业设计\Projects\iot_privacy_attack\outputs\defense\real_public_benchmark\uci_har\seed_123\ldp\json_reports\mlp_baseline_confusion_test.json;D:\毕业设计毕业设计毕业设计毕业设计\Projects\iot_privacy_attack\outputs\defense\real_public_benchmark\uci_har\seed_123\ldp\json_reports\mlp_defended_confusion_test_retrained_attacker.json;D:\毕业设计毕业设计毕业设计毕业设计\Projects\iot_privacy_attack\outputs\defense\real_public_benchmark\uci_har\seed_123\ldp\defense_report.json;D:\毕业设计毕业设计毕业设计毕业设计\Projects\iot_privacy_attack\data\processed\real_public_benchmark\uci_har\seed_123\meta.json,2947,5881,1471
0.5771971496437054,0.8157448252460129,0.8092316388515185,uci_har,0.23854767560230744,0.16112359971525983,"(58,)",0.500030198002745,noise,fixed_attacker,mlp,0.4999640866775363,6,0.4924533650345407,70.75707154742096,123,D:\毕业设计毕业设计毕业设计毕业设计\Projects\iot_privacy_attack\outputs\defense\real_public_benchmark\uci_har\seed_123\noise\json_reports\mlp_baseline_confusion_test.json;D:\毕业设计毕业设计毕业设计毕业设计\Projects\iot_privacy_attack\outputs\defense\real_public_benchmark\uci_har\seed_123\noise\json_reports\mlp_defended_confusion_test_fixed_attacker.json;D:\毕业设计毕业设计毕业设计毕业设计\Projects\iot_privacy_attack\outputs\defense\real_public_benchmark\uci_har\seed_123\noise\defense_report.json;D:\毕业设计毕业设计毕业设计毕业设计\Projects\iot_privacy_attack\data\processed\real_public_benchmark\uci_har\seed_123\meta.json,2947,5881,1471
0.2015609093993892,0.8157448252460129,0.8092316388515185,uci_har,0.6141839158466237,0.6059480958948135,"(58,)",0.500030198002745,noise,retrain_attacker,mlp,0.4999640866775363,6,0.4924533650345407,24.708818635607322,123,D:\毕业设计毕业设计毕业设计毕业设计\Projects\iot_privacy_attack\outputs\defense\real_public_benchmark\uci_har\seed_123\noise\json_reports\mlp_baseline_confusion_test.json;D:\毕业设计毕业设计毕业设计毕业设计\Projects\iot_privacy_attack\outputs\defense\real_public_benchmark\uci_har\seed_123\noise\json_reports\mlp_defended_confusion_test_retrained_attacker.json;D:\毕业设计毕业设计毕业设计毕业设计\Projects\iot_privacy_attack\outputs\defense\real_public_benchmark\uci_har\seed_123\noise\defense_report.json;D:\毕业设计毕业设计毕业设计毕业设计\Projects\iot_privacy_attack\data\processed\real_public_benchmark\uci_har\seed_123\meta.json,2947,5881,1471
0.046487953851374275,0.5894129623345775,0.49974276727124584,uci_har,0.5429250084832032,0.46639186254124926,"(128, 9)",0.39118273498813716,adaptive_ldp,fixed_attacker,lstm,0.7143726837161751,6,0.31017781992125315,7.887161773172135,2026,D:\毕业设计毕业设计毕业设计毕业设计\Projects\iot_privacy_attack\outputs\defense\real_public_benchmark\uci_har\seed_2026\adaptive_ldp\json_reports\lstm_baseline_confusion_test.json;D:\毕业设计毕业设计毕业设计毕业设计\Projects\iot_privacy_attack\outputs\defense\real_public_benchmark\uci_har\seed_2026\adaptive_ldp\json_reports\lstm_defended_confusion_test_fixed_attacker.json;D:\毕业设计毕业设计毕业设计毕业设计\Projects\iot_privacy_attack\outputs\defense\real_public_benchmark\uci_har\seed_2026\adaptive_ldp\defense_report.json;D:\毕业设计毕业设计毕业设计毕业设计\Projects\iot_privacy_attack\data\processed\real_public_benchmark\uci_har\seed_2026\meta.json,2947,5881,1471
-0.058703766542246405,0.5894129623345775,0.49974276727124584,uci_har,0.6481167288768239,0.6119382019865565,"(128, 9)",0.39118273498813716,adaptive_ldp,retrain_attacker,lstm,0.7143726837161751,6,0.31017781992125315,-9.959700633275773,2026,D:\毕业设计毕业设计毕业设计毕业设计\Projects\iot_privacy_attack\outputs\defense\real_public_benchmark\uci_har\seed_2026\adaptive_ldp\json_reports\lstm_baseline_confusion_test.json;D:\毕业设计毕业设计毕业设计毕业设计\Projects\iot_privacy_attack\outputs\defense\real_public_benchmark\uci_har\seed_2026\adaptive_ldp\json_reports\lstm_defended_confusion_test_retrained_attacker.json;D:\毕业设计毕业设计毕业设计毕业设计\Projects\iot_privacy_attack\outputs\defense\real_public_benchmark\uci_har\seed_2026\adaptive_ldp\defense_report.json;D:\毕业设计毕业设计毕业设计毕业设计\Projects\iot_privacy_attack\data\processed\real_public_benchmark\uci_har\seed_2026\meta.json,2947,5881,1471
0.3617237869019342,0.5894129623345775,0.49974276727124584,uci_har,0.22768917543264336,0.16291411358814148,"(128, 9)",0.6018105147267301,ldp,fixed_attacker,lstm,1.0600398167787861,6,0.2605436475570403,61.37017846862407,2026,D:\毕业设计毕业设计毕业设计毕业设计\Projects\iot_privacy_attack\outputs\defense\real_public_benchmark\uci_har\seed_2026\ldp\json_reports\lstm_baseline_confusion_test.json;D:\毕业设计毕业设计毕业设计毕业设计\Projects\iot_privacy_attack\outputs\defense\real_public_benchmark\uci_har\seed_2026\ldp\json_reports\lstm_defended_confusion_test_fixed_attacker.json;D:\毕业设计毕业设计毕业设计毕业设计\Projects\iot_privacy_attack\outputs\defense\real_public_benchmark\uci_har\seed_2026\ldp\defense_report.json;D:\毕业设计毕业设计毕业设计毕业设计\Projects\iot_privacy_attack\data\processed\real_public_benchmark\uci_har\seed_2026\meta.json,2947,5881,1471
0.22565320665083133,0.5894129623345775,0.49974276727124584,uci_har,0.3637597556837462,0.2635002820370183,"(128, 9)",0.6018105147267301,ldp,retrain_attacker,lstm,1.0600398167787861,6,0.2605436475570403,38.28439838802532,2026,D:\毕业设计毕业设计毕业设计毕业设计\Projects\iot_privacy_attack\outputs\defense\real_public_benchmark\uci_har\seed_2026\ldp\json_reports\lstm_baseline_confusion_test.json;D:\毕业设计毕业设计毕业设计毕业设计\Projects\iot_privacy_attack\outputs\defense\real_public_benchmark\uci_har\seed_2026\ldp\json_reports\lstm_defended_confusion_test_retrained_attacker.json;D:\毕业设计毕业设计毕业设计毕业设计\Projects\iot_privacy_attack\outputs\defense\real_public_benchmark\uci_har\seed_2026\ldp\defense_report.json;D:\毕业设计毕业设计毕业设计毕业设计\Projects\iot_privacy_attack\data\processed\real_public_benchmark\uci_har\seed_2026\meta.json,2947,5881,1471
0.23922633186291142,0.5894129623345775,0.49974276727124584,uci_har,0.3501866304716661,0.2574611551954617,"(128, 9)",0.5001009182149014,noise,fixed_attacker,lstm,0.5002594098298141,6,0.49245968468715057,40.58721934369603,2026,D:\毕业设计毕业设计毕业设计毕业设计\Projects\iot_privacy_attack\outputs\defense\real_public_benchmark\uci_har\seed_2026\noise\json_reports\lstm_baseline_confusion_test.json;D:\毕业设计毕业设计毕业设计毕业设计\Projects\iot_privacy_attack\outputs\defense\real_public_benchmark\uci_har\seed_2026\noise\json_reports\lstm_defended_confusion_test_fixed_attacker.json;D:\毕业设计毕业设计毕业设计毕业设计\Projects\iot_privacy_attack\outputs\defense\real_public_benchmark\uci_har\seed_2026\noise\defense_report.json;D:\毕业设计毕业设计毕业设计毕业设计\Projects\iot_privacy_attack\data\processed\real_public_benchmark\uci_har\seed_2026\meta.json,2947,5881,1471
-0.22633186291143537,0.5894129623345775,0.49974276727124584,uci_har,0.8157448252460129,0.814805912180422,"(128, 9)",0.5001009182149014,noise,retrain_attacker,lstm,0.5002594098298141,6,0.49245968468715057,-38.39953943580887,2026,D:\毕业设计毕业设计毕业设计毕业设计\Projects\iot_privacy_attack\outputs\defense\real_public_benchmark\uci_har\seed_2026\noise\json_reports\lstm_baseline_confusion_test.json;D:\毕业设计毕业设计毕业设计毕业设计\Projects\iot_privacy_attack\outputs\defense\real_public_benchmark\uci_har\seed_2026\noise\json_reports\lstm_defended_confusion_test_retrained_attacker.json;D:\毕业设计毕业设计毕业设计毕业设计\Projects\iot_privacy_attack\outputs\defense\real_public_benchmark\uci_har\seed_2026\noise\defense_report.json;D:\毕业设计毕业设计毕业设计毕业设计\Projects\iot_privacy_attack\data\processed\real_public_benchmark\uci_har\seed_2026\meta.json,2947,5881,1471
0.5419070240922973,0.8052256532066508,0.8002938982953446,uci_har,0.26331862911435355,0.16748001169858698,"(58,)",0.39118273498813716,adaptive_ldp,fixed_attacker,mlp,0.7143726837161751,6,0.31017781992125315,67.29877791824694,2026,D:\毕业设计毕业设计毕业设计毕业设计\Projects\iot_privacy_attack\outputs\defense\real_public_benchmark\uci_har\seed_2026\adaptive_ldp\json_reports\mlp_baseline_confusion_test.json;D:\毕业设计毕业设计毕业设计毕业设计\Projects\iot_privacy_attack\outputs\defense\real_public_benchmark\uci_har\seed_2026\adaptive_ldp\json_reports\mlp_defended_confusion_test_fixed_attacker.json;D:\毕业设计毕业设计毕业设计毕业设计\Projects\iot_privacy_attack\outputs\defense\real_public_benchmark\uci_har\seed_2026\adaptive_ldp\defense_report.json;D:\毕业设计毕业设计毕业设计毕业设计\Projects\iot_privacy_attack\data\processed\real_public_benchmark\uci_har\seed_2026\meta.json,2947,5881,1471
0.1017984390906006,0.8052256532066508,0.8002938982953446,uci_har,0.7034272141160502,0.6877112283003228,"(58,)",0.39118273498813716,adaptive_ldp,retrain_attacker,mlp,0.7143726837161751,6,0.31017781992125315,12.64222503160556,2026,D:\毕业设计毕业设计毕业设计毕业设计\Projects\iot_privacy_attack\outputs\defense\real_public_benchmark\uci_har\seed_2026\adaptive_ldp\json_reports\mlp_baseline_confusion_test.json;D:\毕业设计毕业设计毕业设计毕业设计\Projects\iot_privacy_attack\outputs\defense\real_public_benchmark\uci_har\seed_2026\adaptive_ldp\json_reports\mlp_defended_confusion_test_retrained_attacker.json;D:\毕业设计毕业设计毕业设计毕业设计\Projects\iot_privacy_attack\outputs\defense\real_public_benchmark\uci_har\seed_2026\adaptive_ldp\defense_report.json;D:\毕业设计毕业设计毕业设计毕业设计\Projects\iot_privacy_attack\data\processed\real_public_benchmark\uci_har\seed_2026\meta.json,2947,5881,1471
0.6386155412283678,0.8052256532066508,0.8002938982953446,uci_har,0.166610111978283,0.047605196819856505,"(58,)",0.6018105147267301,ldp,fixed_attacker,mlp,1.0600398167787861,6,0.2605436475570403,79.30889169827223,2026,D:\毕业设计毕业设计毕业设计毕业设计\Projects\iot_privacy_attack\outputs\defense\real_public_benchmark\uci_har\seed_2026\ldp\json_reports\mlp_baseline_confusion_test.json;D:\毕业设计毕业设计毕业设计毕业设计\Projects\iot_privacy_attack\outputs\defense\real_public_benchmark\uci_har\seed_2026\ldp\json_reports\mlp_defended_confusion_test_fixed_attacker.json;D:\毕业设计毕业设计毕业设计毕业设计\Projects\iot_privacy_attack\outputs\defense\real_public_benchmark\uci_har\seed_2026\ldp\defense_report.json;D:\毕业设计毕业设计毕业设计毕业设计\Projects\iot_privacy_attack\data\processed\real_public_benchmark\uci_har\seed_2026\meta.json,2947,5881,1471
0.23040380047505937,0.8052256532066508,0.8002938982953446,uci_har,0.5748218527315915,0.5695232395669679,"(58,)",0.6018105147267301,ldp,retrain_attacker,mlp,1.0600398167787861,6,0.2605436475570403,28.613569321533923,2026,D:\毕业设计毕业设计毕业设计毕业设计\Projects\iot_privacy_attack\outputs\defense\real_public_benchmark\uci_har\seed_2026\ldp\json_reports\mlp_baseline_confusion_test.json;D:\毕业设计毕业设计毕业设计毕业设计\Projects\iot_privacy_attack\outputs\defense\real_public_benchmark\uci_har\seed_2026\ldp\json_reports\mlp_defended_confusion_test_retrained_attacker.json;D:\毕业设计毕业设计毕业设计毕业设计\Projects\iot_privacy_attack\outputs\defense\real_public_benchmark\uci_har\seed_2026\ldp\defense_report.json;D:\毕业设计毕业设计毕业设计毕业设计\Projects\iot_privacy_attack\data\processed\real_public_benchmark\uci_har\seed_2026\meta.json,2947,5881,1471
0.6396335256192739,0.8052256532066508,0.8002938982953446,uci_har,0.16559212758737699,0.0809229196166356,"(58,)",0.5001009182149014,noise,fixed_attacker,mlp,0.5002594098298141,6,0.49245968468715057,79.43531394858829,2026,D:\毕业设计毕业设计毕业设计毕业设计\Projects\iot_privacy_attack\outputs\defense\real_public_benchmark\uci_har\seed_2026\noise\json_reports\mlp_baseline_confusion_test.json;D:\毕业设计毕业设计毕业设计毕业设计\Projects\iot_privacy_attack\outputs\defense\real_public_benchmark\uci_har\seed_2026\noise\json_reports\mlp_defended_confusion_test_fixed_attacker.json;D:\毕业设计毕业设计毕业设计毕业设计\Projects\iot_privacy_attack\outputs\defense\real_public_benchmark\uci_har\seed_2026\noise\defense_report.json;D:\毕业设计毕业设计毕业设计毕业设计\Projects\iot_privacy_attack\data\processed\real_public_benchmark\uci_har\seed_2026\meta.json,2947,5881,1471
0.21072276891754327,0.8052256532066508,0.8002938982953446,uci_har,0.5945028842891076,0.5780038706335185,"(58,)",0.5001009182149014,noise,retrain_attacker,mlp,0.5002594098298141,6,0.49245968468715057,26.169405815423513,2026,D:\毕业设计毕业设计毕业设计毕业设计\Projects\iot_privacy_attack\outputs\defense\real_public_benchmark\uci_har\seed_2026\noise\json_reports\mlp_baseline_confusion_test.json;D:\毕业设计毕业设计毕业设计毕业设计\Projects\iot_privacy_attack\outputs\defense\real_public_benchmark\uci_har\seed_2026\noise\json_reports\mlp_defended_confusion_test_retrained_attacker.json;D:\毕业设计毕业设计毕业设计毕业设计\Projects\iot_privacy_attack\outputs\defense\real_public_benchmark\uci_har\seed_2026\noise\defense_report.json;D:\毕业设计毕业设计毕业设计毕业设计\Projects\iot_privacy_attack\data\processed\real_public_benchmark\uci_har\seed_2026\meta.json,2947,5881,1471
